consent_id,customer_ref,provider_id,institution_id,purpose,presented_scopes,granted_scopes,notice_version,auth_method,channel,created_at,expires_at,status,revoked_at,revoked_by,revocation_reason,seconds_on_consent_screen,opened_scope_detail
cns_00001,cus_synthetic_0137,tpp_001,bank_002,comparador de credito,accounts:list|accounts:transactions|credits:arrears|investments:position|payments:initiate,accounts:transactions|credits:arrears|investments:position|payments:initiate,consent-notice-v2,sca-app,web,2026-04-08,2027-04-03,vigente,,,,2.8,0
cns_00002,cus_synthetic_0109,tpp_001,bank_002,iniciacion de pago unico,credits:position|investments:position,credits:position,consent-notice-v3,sca-otp,web,2026-01-17,2027-01-12,rechazado,,,,3.5,0
cns_00003,cus_synthetic_0192,tpp_011,bank_004,salud financiera,accounts:balances|accounts:transactions|investments:position,accounts:balances|accounts:transactions|investments:position,consent-notice-v2,sca-otp,web,2026-04-28,2026-10-25,vigente,,,,1.8,0
cns_00004,cus_synthetic_0116,tpp_011,bank_005,comparador de credito,accounts:list|credits:arrears|credits:position|payments:initiate,credits:arrears|payments:initiate,consent-notice-v2,sca-app,web,2026-03-24,2026-09-20,vigente,,,,3.6,0
cns_00005,cus_synthetic_0397,tpp_010,bank_003,comparador de credito,accounts:transactions|credits:position|payments:initiate,accounts:transactions|credits:position,consent-notice-v3,sca-biometria,movil,2026-05-18,2026-11-14,revocado,2026-07-02,institucion,ya no lo uso,6.1,0
cns_00006,cus_synthetic_0043,tpp_006,bank_001,panel de posicion consolidada,investments:position,investments:position,consent-notice-v2,sca-otp,movil,2026-05-02,2026-10-29,revocado,2026-06-23,cliente,no indicado,2.9,0
cns_00007,cus_synthetic_0045,tpp_009,bank_003,comparador de credito,accounts:balances|accounts:transactions|credits:position|investments:position|payments:initiate,accounts:balances|accounts:transactions|payments:initiate,consent-notice-v2,sca-biometria,web,2026-01-30,2027-01-25,revocado,2026-02-03,cliente,ya no lo uso,1.9,0
cns_00008,cus_synthetic_0165,tpp_002,bank_003,iniciacion de pago unico,accounts:balances|accounts:list|accounts:transactions|credits:position|investments:position|payments:initiate,accounts:balances|credits:position|investments:position|payments:initiate,consent-notice-v3,sca-app,movil,2026-05-21,2027-05-16,vigente,,,,4.5,0
cns_00009,cus_synthetic_0128,tpp_003,bank_005,categorizacion de gastos,accounts:balances|accounts:transactions,accounts:balances|accounts:transactions,consent-notice-v3,sca-biometria,web,2026-04-20,2027-04-15,rechazado,,,,1.2,0
cns_00010,cus_synthetic_0032,tpp_002,bank_002,categorizacion de gastos,accounts:list|credits:arrears|credits:position|investments:position,accounts:list|credits:arrears|credits:position,consent-notice-v2,sca-app,movil,2026-06-22,2026-12-19,vigente,,,,3.0,0
cns_00011,cus_synthetic_0093,tpp_002,bank_002,categorizacion de gastos,accounts:balances|accounts:list|accounts:transactions|credits:arrears|credits:position|payments:initiate,accounts:balances|accounts:list|accounts:transactions|payments:initiate,consent-notice-v2,sca-app,movil,2026-02-24,2026-05-25,revocado,2026-03-21,cliente,no indicado,1.2,0
cns_00012,cus_synthetic_0026,tpp_006,bank_001,comparador de credito,accounts:balances,accounts:balances,consent-notice-v3,sca-otp,web,2026-06-15,2026-09-13,vigente,,,,4.9,0
cns_00013,cus_synthetic_0281,tpp_004,bank_001,categorizacion de gastos,credits:arrears|investments:position,investments:position,consent-notice-v3,sca-otp,web,2026-06-11,2027-06-06,vigente,,,,6.0,0
cns_00014,cus_synthetic_0347,tpp_007,bank_002,salud financiera,accounts:list|credits:arrears|credits:position|investments:position|payments:initiate,accounts:list|credits:position|investments:position|payments:initiate,consent-notice-v3,sca-app,movil,2026-06-18,2026-09-16,revocado,2026-09-02,cliente,no reconozco al proveedor,3.5,0
cns_00015,cus_synthetic_0339,tpp_009,bank_005,comparador de credito,accounts:list|investments:position|payments:initiate,accounts:list|investments:position,consent-notice-v2,sca-app,web,2026-03-20,2026-09-16,vigente,,,,9.8,0
cns_00016,cus_synthetic_0221,tpp_004,bank_003,comparador de credito,accounts:balances|accounts:list|credits:position|investments:position|payments:initiate,credits:position|investments:position|payments:initiate,consent-notice-v2,sca-biometria,movil,2026-05-07,2026-08-05,revocado,2026-06-14,cliente,no reconozco al proveedor,1.2,0
cns_00017,cus_synthetic_0322,tpp_009,bank_005,salud financiera,credits:position|payments:initiate,credits:position,consent-notice-v2,sca-app,movil,2026-06-12,2027-06-07,vigente,,,,4.2,0
cns_00018,cus_synthetic_0333,tpp_002,bank_001,salud financiera,accounts:list|accounts:transactions|credits:arrears|credits:position,accounts:list|accounts:transactions|credits:arrears|credits:position,consent-notice-v2,sca-biometria,web,2026-04-20,2027-04-15,vigente,,,,5.2,0
cns_00019,cus_synthetic_0039,tpp_001,bank_005,iniciacion de pago unico,accounts:list|credits:position|investments:position,accounts:list,consent-notice-v3,sca-app,web,2026-03-20,2026-09-16,vigente,,,,4.4,0
cns_00020,cus_synthetic_0124,tpp_001,bank_004,categorizacion de gastos,accounts:balances|accounts:list|accounts:transactions|credits:arrears|credits:position,accounts:list|accounts:transactions|credits:arrears|credits:position,consent-notice-v2,sca-biometria,web,2026-03-04,2026-08-31,vigente,,,,2.9,0
cns_00021,cus_synthetic_0045,tpp_009,bank_004,salud financiera,accounts:list|credits:arrears|credits:position|investments:position,credits:arrears|credits:position,consent-notice-v2,sca-biometria,web,2026-05-10,2026-11-06,revocado,2026-05-11,institucion,cambio de aplicacion,7.1,0
cns_00022,cus_synthetic_0102,tpp_005,bank_004,panel de posicion consolidada,accounts:balances|credits:arrears|credits:position|payments:initiate,accounts:balances|credits:arrears,consent-notice-v3,sca-otp,web,2026-03-09,2027-03-04,revocado,2026-04-21,cliente,cambio de aplicacion,8.2,0
cns_00023,cus_synthetic_0134,tpp_003,bank_005,iniciacion de pago unico,accounts:balances|accounts:list|accounts:transactions|credits:position|investments:position,accounts:balances|accounts:list|credits:position,consent-notice-v2,sca-app,movil,2026-05-07,2027-05-02,vigente,,,,5.2,0
cns_00024,cus_synthetic_0392,tpp_007,bank_004,comparador de credito,accounts:list|investments:position,accounts:list|investments:position,consent-notice-v2,sca-biometria,movil,2026-05-08,2026-11-04,vigente,,,,1.5,0
cns_00025,cus_synthetic_0375,tpp_009,bank_002,iniciacion de pago unico,accounts:list|credits:position|investments:position|payments:initiate,accounts:list|credits:position|investments:position,consent-notice-v2,sca-otp,movil,2026-04-09,2027-04-04,rechazado,,,,3.2,0
cns_00026,cus_synthetic_0127,tpp_010,bank_001,iniciacion de pago unico,credits:arrears|investments:position|payments:initiate,credits:arrears|payments:initiate,consent-notice-v2,sca-app,movil,2026-02-24,2027-02-19,vigente,,,,4.1,0
cns_00027,cus_synthetic_0043,tpp_005,bank_001,categorizacion de gastos,accounts:list|credits:arrears|payments:initiate,credits:arrears|payments:initiate,consent-notice-v2,sca-otp,web,2026-04-09,2027-04-04,revocado,2026-05-01,institucion,ya no lo uso,4.2,0
cns_00028,cus_synthetic_0167,tpp_005,bank_005,panel de posicion consolidada,accounts:list,accounts:list,consent-notice-v2,sca-otp,web,2026-03-09,2026-06-07,rechazado,,,,2.5,0
cns_00029,cus_synthetic_0195,tpp_012,bank_001,panel de posicion consolidada,accounts:list|accounts:transactions|credits:arrears|credits:position|investments:position,accounts:transactions|credits:arrears|credits:position|investments:position,consent-notice-v3,sca-otp,movil,2026-06-08,2026-09-06,vigente,,,,6.0,0
cns_00030,cus_synthetic_0080,tpp_012,bank_002,iniciacion de pago unico,accounts:balances|credits:arrears|credits:position|payments:initiate,accounts:balances|payments:initiate,consent-notice-v3,sca-otp,movil,2026-05-19,2026-11-15,vigente,,,,1.9,0
cns_00031,cus_synthetic_0271,tpp_011,bank_004,panel de posicion consolidada,accounts:balances|accounts:transactions|credits:position|investments:position|payments:initiate,accounts:transactions|investments:position|payments:initiate,consent-notice-v2,sca-otp,movil,2026-04-12,2027-04-07,revocado,2026-06-11,institucion,cambio de aplicacion,3.5,0
cns_00032,cus_synthetic_0158,tpp_008,bank_003,categorizacion de gastos,credits:arrears|credits:position|investments:position,credits:arrears|credits:position,consent-notice-v2,sca-app,movil,2026-05-09,2026-11-05,vigente,,,,3.4,0
cns_00033,cus_synthetic_0302,tpp_010,bank_002,iniciacion de pago unico,accounts:balances|accounts:transactions,accounts:transactions,consent-notice-v3,sca-app,movil,2026-06-19,2027-06-14,expirado,,,,2.7,0
cns_00034,cus_synthetic_0148,tpp_008,bank_005,iniciacion de pago unico,accounts:balances|payments:initiate,accounts:balances|payments:initiate,consent-notice-v2,sca-otp,web,2026-04-16,2027-04-11,revocado,2026-05-13,cliente,cese de la relacion,1.6,0
cns_00035,cus_synthetic_0349,tpp_008,bank_003,categorizacion de gastos,accounts:transactions|credits:arrears|investments:position|payments:initiate,accounts:transactions|credits:arrears,consent-notice-v2,sca-app,web,2026-05-24,2026-11-20,vigente,,,,1.3,0
cns_00036,cus_synthetic_0067,tpp_005,bank_003,salud financiera,accounts:balances|credits:position,accounts:balances,consent-notice-v2,sca-biometria,web,2026-02-06,2027-02-01,vigente,,,,3.3,0
cns_00037,cus_synthetic_0079,tpp_006,bank_001,iniciacion de pago unico,credits:position,credits:position,consent-notice-v2,sca-biometria,web,2026-01-08,2026-07-07,revocado,2026-01-08,cliente,ya no lo uso,6.7,0
cns_00038,cus_synthetic_0386,tpp_005,bank_004,iniciacion de pago unico,accounts:balances|accounts:transactions|investments:position|payments:initiate,accounts:transactions|investments:position|payments:initiate,consent-notice-v3,sca-biometria,movil,2026-01-13,2027-01-08,vigente,,,,6.7,0
cns_00039,cus_synthetic_0085,tpp_001,bank_005,panel de posicion consolidada,accounts:balances|accounts:list|credits:position|investments:position,accounts:balances|accounts:list|investments:position,consent-notice-v2,sca-otp,web,2026-01-21,2027-01-16,expirado,,,,3.2,0
cns_00040,cus_synthetic_0079,tpp_008,bank_002,categorizacion de gastos,accounts:list|accounts:transactions|investments:position,accounts:list|investments:position,consent-notice-v3,sca-otp,movil,2026-04-17,2027-04-12,vigente,,,,2.1,0
cns_00041,cus_synthetic_0022,tpp_004,bank_005,panel de posicion consolidada,accounts:list|accounts:transactions|investments:position|payments:initiate,accounts:list|accounts:transactions|investments:position|payments:initiate,consent-notice-v2,sca-biometria,movil,2026-04-16,2027-04-11,revocado,2026-05-09,institucion,cambio de aplicacion,1.5,0
cns_00042,cus_synthetic_0181,tpp_001,bank_003,categorizacion de gastos,accounts:balances|accounts:list|accounts:transactions|credits:position|investments:position|payments:initiate,accounts:list|accounts:transactions|credits:position|payments:initiate,consent-notice-v3,sca-biometria,web,2026-04-08,2026-07-07,vigente,,,,3.2,0
cns_00043,cus_synthetic_0344,tpp_007,bank_003,iniciacion de pago unico,accounts:list|accounts:transactions|credits:position,accounts:transactions,consent-notice-v3,sca-biometria,web,2026-02-10,2027-02-05,vigente,,,,2.9,0
cns_00044,cus_synthetic_0317,tpp_003,bank_001,salud financiera,accounts:balances|accounts:list|accounts:transactions|credits:position|investments:position|payments:initiate,accounts:list|credits:position|investments:position|payments:initiate,consent-notice-v3,sca-app,movil,2026-01-09,2027-01-04,vigente,,,,3.3,0
cns_00045,cus_synthetic_0022,tpp_010,bank_003,salud financiera,accounts:transactions|credits:arrears|investments:position|payments:initiate,accounts:transactions|credits:arrears|investments:position|payments:initiate,consent-notice-v2,sca-otp,web,2026-01-24,2026-04-24,vigente,,,,2.1,0
cns_00046,cus_synthetic_0155,tpp_011,bank_003,comparador de credito,accounts:balances|accounts:list|accounts:transactions|investments:position,accounts:balances|accounts:list|investments:position,consent-notice-v3,sca-app,web,2026-03-19,2026-09-15,vigente,,,,1.3,0
cns_00047,cus_synthetic_0200,tpp_010,bank_005,panel de posicion consolidada,accounts:transactions|credits:arrears|credits:position|investments:position|payments:initiate,accounts:transactions|credits:position|investments:position,consent-notice-v2,sca-app,web,2026-06-13,2027-06-08,vigente,,,,3.0,0
cns_00048,cus_synthetic_0324,tpp_004,bank_003,comparador de credito,accounts:balances|accounts:list|payments:initiate,payments:initiate,consent-notice-v2,sca-otp,web,2026-04-17,2027-04-12,vigente,,,,1.9,0
cns_00049,cus_synthetic_0111,tpp_005,bank_005,comparador de credito,accounts:list|credits:position|payments:initiate,accounts:list|credits:position|payments:initiate,consent-notice-v3,sca-otp,web,2026-06-26,2027-06-21,revocado,2026-08-02,cliente,cese de la relacion,4.1,0
cns_00050,cus_synthetic_0358,tpp_010,bank_004,comparador de credito,accounts:balances|accounts:list|accounts:transactions|credits:position,accounts:balances|accounts:list|accounts:transactions|credits:position,consent-notice-v3,sca-biometria,movil,2026-04-27,2027-04-22,vigente,,,,1.9,0
cns_00051,cus_synthetic_0168,tpp_001,bank_001,panel de posicion consolidada,accounts:balances,accounts:balances,consent-notice-v2,sca-app,web,2026-02-19,2027-02-14,expirado,,,,2.8,0
cns_00052,cus_synthetic_0192,tpp_005,bank_002,panel de posicion consolidada,accounts:balances|accounts:list|credits:arrears|credits:position|investments:position,accounts:list|credits:arrears|credits:position|investments:position,consent-notice-v2,sca-app,movil,2026-06-11,2027-06-06,rechazado,,,,0.6,0
cns_00053,cus_synthetic_0348,tpp_007,bank_002,panel de posicion consolidada,accounts:balances|accounts:list,accounts:balances|accounts:list,consent-notice-v3,sca-biometria,movil,2026-03-09,2026-09-05,expirado,,,,1.4,0
cns_00054,cus_synthetic_0243,tpp_009,bank_004,salud financiera,credits:arrears|investments:position,credits:arrears|investments:position,consent-notice-v3,sca-biometria,web,2026-05-22,2026-11-18,vigente,,,,4.1,0
cns_00055,cus_synthetic_0267,tpp_008,bank_005,iniciacion de pago unico,accounts:balances|accounts:list|credits:arrears|credits:position|investments:position,accounts:balances|accounts:list|credits:arrears|investments:position,consent-notice-v3,sca-biometria,movil,2026-03-12,2027-03-07,expirado,,,,4.9,0
cns_00056,cus_synthetic_0172,tpp_006,bank_004,comparador de credito,accounts:balances|accounts:list|accounts:transactions|credits:arrears|investments:position|payments:initiate,accounts:balances|accounts:list|accounts:transactions|investments:position,consent-notice-v3,sca-app,movil,2026-06-28,2027-06-23,vigente,,,,4.2,0
cns_00057,cus_synthetic_0264,tpp_003,bank_001,iniciacion de pago unico,accounts:transactions|credits:arrears|credits:position|investments:position,accounts:transactions|credits:position|investments:position,consent-notice-v3,sca-biometria,movil,2026-05-02,2026-07-31,revocado,2026-05-05,cliente,cese de la relacion,3.3,0
cns_00058,cus_synthetic_0033,tpp_011,bank_004,comparador de credito,accounts:balances|accounts:transactions|credits:arrears|credits:position|payments:initiate,accounts:balances|accounts:transactions|credits:position|payments:initiate,consent-notice-v3,sca-otp,movil,2026-04-26,2027-04-21,expirado,,,,3.3,0
cns_00059,cus_synthetic_0206,tpp_004,bank_003,panel de posicion consolidada,accounts:list|credits:arrears|investments:position,accounts:list|investments:position,consent-notice-v2,sca-app,movil,2026-03-04,2027-02-27,rechazado,,,,1.3,0
cns_00060,cus_synthetic_0280,tpp_006,bank_002,categorizacion de gastos,accounts:list|credits:arrears|investments:position|payments:initiate,accounts:list|credits:arrears|payments:initiate,consent-notice-v3,sca-biometria,web,2026-02-05,2027-01-31,vigente,,,,0.7,0
cns_00061,cus_synthetic_0170,tpp_007,bank_004,comparador de credito,accounts:balances|accounts:transactions|credits:arrears,accounts:balances,consent-notice-v3,sca-app,web,2026-02-03,2026-08-02,revocado,2026-02-23,institucion,no reconozco al proveedor,2.2,0
cns_00062,cus_synthetic_0025,tpp_002,bank_001,comparador de credito,accounts:list|accounts:transactions|credits:arrears|payments:initiate,accounts:list|accounts:transactions|credits:arrears|payments:initiate,consent-notice-v2,sca-app,web,2026-05-23,2027-05-18,revocado,2026-07-15,cliente,cese de la relacion,2.6,0
cns_00063,cus_synthetic_0277,tpp_005,bank_002,iniciacion de pago unico,accounts:list|accounts:transactions|investments:position|payments:initiate,investments:position|payments:initiate,consent-notice-v3,sca-otp,movil,2026-06-23,2027-06-18,vigente,,,,2.1,0
cns_00064,cus_synthetic_0178,tpp_002,bank_003,panel de posicion consolidada,accounts:list|accounts:transactions|payments:initiate,accounts:list|accounts:transactions|payments:initiate,consent-notice-v2,sca-biometria,web,2026-01-15,2027-01-10,vigente,,,,1.6,0
cns_00065,cus_synthetic_0134,tpp_007,bank_004,iniciacion de pago unico,accounts:list|accounts:transactions|payments:initiate,accounts:transactions|payments:initiate,consent-notice-v2,sca-biometria,movil,2026-05-01,2027-04-26,vigente,,,,3.1,0
cns_00066,cus_synthetic_0390,tpp_012,bank_002,comparador de credito,accounts:list|accounts:transactions|credits:arrears|payments:initiate,accounts:list|accounts:transactions|payments:initiate,consent-notice-v3,sca-otp,movil,2026-02-11,2026-08-10,vigente,,,,8.2,0
cns_00067,cus_synthetic_0311,tpp_011,bank_001,comparador de credito,accounts:balances|credits:arrears|investments:position,credits:arrears,consent-notice-v3,sca-app,web,2026-03-06,2026-09-02,vigente,,,,3.3,0
cns_00068,cus_synthetic_0269,tpp_011,bank_001,comparador de credito,investments:position|payments:initiate,investments:position,consent-notice-v2,sca-app,movil,2026-04-27,2027-04-22,vigente,,,,1.8,0
cns_00069,cus_synthetic_0157,tpp_004,bank_005,panel de posicion consolidada,accounts:balances|accounts:list|credits:position|payments:initiate,accounts:list|credits:position|payments:initiate,consent-notice-v3,sca-app,web,2026-05-05,2027-04-30,vigente,,,,4.8,0
cns_00070,cus_synthetic_0012,tpp_005,bank_001,comparador de credito,accounts:balances|accounts:transactions|credits:arrears,accounts:transactions|credits:arrears,consent-notice-v3,sca-biometria,web,2026-01-14,2026-04-14,vigente,,,,1.4,0
cns_00071,cus_synthetic_0281,tpp_009,bank_004,salud financiera,accounts:balances|accounts:list|accounts:transactions|credits:arrears|investments:position,accounts:balances|accounts:list|accounts:transactions|credits:arrears,consent-notice-v2,sca-otp,movil,2026-07-04,2027-06-29,vigente,,,,1.3,0
cns_00072,cus_synthetic_0167,tpp_001,bank_004,panel de posicion consolidada,credits:arrears|investments:position|payments:initiate,credits:arrears|payments:initiate,consent-notice-v3,sca-biometria,movil,2026-03-07,2027-03-02,revocado,2026-03-16,cliente,no indicado,2.5,0
cns_00073,cus_synthetic_0323,tpp_004,bank_001,comparador de credito,accounts:list|credits:position|payments:initiate,accounts:list|credits:position|payments:initiate,consent-notice-v3,sca-otp,web,2026-05-14,2026-11-10,revocado,2026-05-17,cliente,ya no lo uso,3.1,0
cns_00074,cus_synthetic_0242,tpp_006,bank_004,categorizacion de gastos,accounts:balances|accounts:list|credits:arrears|investments:position,accounts:balances|accounts:list|investments:position,consent-notice-v2,sca-app,movil,2026-07-01,2027-06-26,revocado,2026-07-29,institucion,ya no lo uso,2.3,0
cns_00075,cus_synthetic_0191,tpp_007,bank_004,comparador de credito,accounts:list|accounts:transactions|credits:position|investments:position,accounts:list|credits:position,consent-notice-v2,sca-biometria,web,2026-04-27,2026-10-24,vigente,,,,1.8,0
cns_00076,cus_synthetic_0186,tpp_001,bank_005,comparador de credito,payments:initiate,payments:initiate,consent-notice-v2,sca-app,web,2026-01-28,2026-04-28,vigente,,,,9.8,0
cns_00077,cus_synthetic_0298,tpp_009,bank_001,comparador de credito,accounts:balances|accounts:list|accounts:transactions|credits:position|investments:position,accounts:balances|accounts:list|accounts:transactions|credits:position,consent-notice-v3,sca-app,movil,2026-05-23,2026-08-21,revocado,2026-05-29,cliente,no reconozco al proveedor,1.4,0
cns_00078,cus_synthetic_0349,tpp_002,bank_001,iniciacion de pago unico,credits:position|investments:position|payments:initiate,credits:position|investments:position|payments:initiate,consent-notice-v2,sca-biometria,web,2026-01-06,2027-01-01,vigente,,,,1.7,0
cns_00079,cus_synthetic_0063,tpp_007,bank_001,categorizacion de gastos,accounts:balances|accounts:list|credits:arrears|payments:initiate,accounts:balances|accounts:list|payments:initiate,consent-notice-v2,sca-app,movil,2026-06-20,2027-06-15,vigente,,,,7.9,0
cns_00080,cus_synthetic_0381,tpp_007,bank_005,comparador de credito,accounts:balances|accounts:transactions|credits:arrears|investments:position|payments:initiate,accounts:balances|credits:arrears|payments:initiate,consent-notice-v3,sca-app,movil,2026-03-29,2027-03-24,vigente,,,,0.9,1
cns_00081,cus_synthetic_0037,tpp_002,bank_001,comparador de credito,accounts:balances|accounts:transactions|investments:position,accounts:balances|accounts:transactions|investments:position,consent-notice-v2,sca-app,movil,2026-06-30,2027-06-25,vigente,,,,2.7,0
cns_00082,cus_synthetic_0046,tpp_005,bank_003,panel de posicion consolidada,accounts:transactions|investments:position,accounts:transactions|investments:position,consent-notice-v2,sca-biometria,movil,2026-06-02,2027-05-28,expirado,,,,1.9,0
cns_00083,cus_synthetic_0114,tpp_012,bank_002,categorizacion de gastos,accounts:balances|accounts:list|credits:arrears|credits:position|payments:initiate,accounts:list|credits:arrears|credits:position|payments:initiate,consent-notice-v2,sca-app,movil,2026-07-03,2026-12-30,vigente,,,,7.2,0
cns_00084,cus_synthetic_0179,tpp_005,bank_001,salud financiera,accounts:list|credits:arrears|payments:initiate,accounts:list|payments:initiate,consent-notice-v2,sca-app,web,2026-01-13,2027-01-08,vigente,,,,5.1,0
cns_00085,cus_synthetic_0343,tpp_001,bank_002,comparador de credito,credits:arrears|investments:position|payments:initiate,credits:arrears|investments:position|payments:initiate,consent-notice-v2,sca-otp,movil,2026-06-23,2027-06-18,vigente,,,,1.0,0
cns_00086,cus_synthetic_0336,tpp_008,bank_005,categorizacion de gastos,payments:initiate,payments:initiate,consent-notice-v3,sca-otp,movil,2026-05-08,2027-05-03,rechazado,,,,3.1,0
cns_00087,cus_synthetic_0144,tpp_008,bank_003,comparador de credito,accounts:transactions|credits:position,credits:position,consent-notice-v2,sca-biometria,movil,2026-05-22,2026-11-18,vigente,,,,6.9,0
cns_00088,cus_synthetic_0388,tpp_002,bank_004,iniciacion de pago unico,accounts:list|credits:position|payments:initiate,accounts:list|payments:initiate,consent-notice-v2,sca-biometria,movil,2026-05-04,2026-08-02,vigente,,,,4.8,0
cns_00089,cus_synthetic_0087,tpp_009,bank_005,iniciacion de pago unico,accounts:balances|credits:arrears|credits:position|investments:position,accounts:balances|credits:arrears|credits:position|investments:position,consent-notice-v3,sca-otp,movil,2026-06-26,2027-06-21,vigente,,,,4.9,0
cns_00090,cus_synthetic_0119,tpp_004,bank_002,comparador de credito,accounts:transactions|credits:arrears|investments:position|payments:initiate,accounts:transactions|credits:arrears|investments:position|payments:initiate,consent-notice-v2,sca-app,movil,2026-02-20,2027-02-15,revocado,2026-04-06,cliente,cese de la relacion,2.1,0
cns_00091,cus_synthetic_0259,tpp_002,bank_002,categorizacion de gastos,accounts:transactions|payments:initiate,payments:initiate,consent-notice-v2,sca-otp,web,2026-03-24,2026-09-20,revocado,2026-03-28,cliente,ya no lo uso,1.6,0
cns_00092,cus_synthetic_0243,tpp_006,bank_005,comparador de credito,credits:arrears,credits:arrears,consent-notice-v3,sca-biometria,web,2026-06-16,2027-06-11,revocado,2026-06-18,institucion,no indicado,2.2,0
cns_00093,cus_synthetic_0097,tpp_002,bank_001,iniciacion de pago unico,accounts:list|accounts:transactions|credits:arrears|credits:position,accounts:list|accounts:transactions|credits:arrears|credits:position,consent-notice-v2,sca-otp,web,2026-01-12,2027-01-07,revocado,2026-01-14,cliente,ya no lo uso,6.4,0
cns_00094,cus_synthetic_0365,tpp_012,bank_004,categorizacion de gastos,credits:position|investments:position,credits:position|investments:position,consent-notice-v3,sca-otp,web,2026-05-28,2027-05-23,revocado,2026-05-29,cliente,cambio de aplicacion,3.2,0
cns_00095,cus_synthetic_0146,tpp_009,bank_001,comparador de credito,accounts:list|accounts:transactions|credits:arrears|credits:position|investments:position|payments:initiate,accounts:list|accounts:transactions|credits:arrears|investments:position,consent-notice-v2,sca-app,web,2026-02-26,2026-08-25,expirado,,,,3.3,0
cns_00096,cus_synthetic_0267,tpp_010,bank_004,categorizacion de gastos,accounts:balances|accounts:list|credits:position|payments:initiate,accounts:balances|accounts:list|credits:position|payments:initiate,consent-notice-v3,sca-biometria,web,2026-02-14,2027-02-09,vigente,,,,5.3,0
cns_00097,cus_synthetic_0008,tpp_006,bank_003,panel de posicion consolidada,accounts:balances|accounts:list|accounts:transactions|credits:position|investments:position|payments:initiate,accounts:list|accounts:transactions|investments:position|payments:initiate,consent-notice-v3,sca-app,web,2026-05-28,2026-11-24,vigente,,,,3.0,0
cns_00098,cus_synthetic_0259,tpp_001,bank_002,panel de posicion consolidada,accounts:balances|accounts:list|accounts:transactions,accounts:balances|accounts:list,consent-notice-v2,sca-app,web,2026-04-03,2027-03-29,vigente,,,,4.9,0
cns_00099,cus_synthetic_0319,tpp_012,bank_004,salud financiera,accounts:transactions|credits:arrears|credits:position|investments:position|payments:initiate,accounts:transactions|credits:position|investments:position,consent-notice-v2,sca-otp,movil,2026-05-12,2027-05-07,vigente,,,,2.2,0
cns_00100,cus_synthetic_0220,tpp_010,bank_004,iniciacion de pago unico,accounts:list|investments:position|payments:initiate,investments:position|payments:initiate,consent-notice-v2,sca-app,movil,2026-05-28,2026-11-24,vigente,,,,1.8,0
cns_00101,cus_synthetic_0265,tpp_012,bank_003,iniciacion de pago unico,accounts:list|credits:arrears|investments:position,accounts:list|credits:arrears|investments:position,consent-notice-v2,sca-biometria,movil,2026-03-02,2026-05-31,vigente,,,,3.3,0
cns_00102,cus_synthetic_0073,tpp_012,bank_005,categorizacion de gastos,accounts:balances|accounts:list|credits:arrears,credits:arrears,consent-notice-v2,sca-app,web,2026-06-16,2026-09-14,vigente,,,,1.3,0
cns_00103,cus_synthetic_0390,tpp_012,bank_005,panel de posicion consolidada,accounts:balances|investments:position|payments:initiate,accounts:balances|investments:position,consent-notice-v3,sca-otp,movil,2026-02-06,2027-02-01,vigente,,,,1.2,0
cns_00104,cus_synthetic_0093,tpp_004,bank_002,categorizacion de gastos,accounts:balances|accounts:transactions|credits:position|investments:position,accounts:transactions|investments:position,consent-notice-v3,sca-biometria,movil,2026-03-28,2026-09-24,revocado,2026-06-16,cliente,no indicado,3.4,0
cns_00105,cus_synthetic_0263,tpp_011,bank_005,categorizacion de gastos,investments:position,investments:position,consent-notice-v3,sca-otp,movil,2026-06-11,2026-12-08,expirado,,,,3.7,0
cns_00106,cus_synthetic_0319,tpp_011,bank_003,panel de posicion consolidada,credits:position,credits:position,consent-notice-v3,sca-app,web,2026-02-23,2026-08-22,revocado,2026-04-13,cliente,ya no lo uso,1.5,0
cns_00107,cus_synthetic_0300,tpp_009,bank_003,salud financiera,accounts:balances|accounts:list|accounts:transactions|investments:position|payments:initiate,accounts:balances|accounts:list|accounts:transactions|payments:initiate,consent-notice-v2,sca-app,web,2026-04-03,2026-07-02,revocado,2026-04-10,cliente,no indicado,2.6,0
cns_00108,cus_synthetic_0212,tpp_009,bank_005,iniciacion de pago unico,accounts:list|credits:arrears,accounts:list,consent-notice-v2,sca-app,web,2026-05-06,2026-11-02,rechazado,,,,8.7,0
cns_00109,cus_synthetic_0384,tpp_009,bank_003,iniciacion de pago unico,accounts:balances|accounts:list|credits:arrears|credits:position,accounts:balances|accounts:list|credits:arrears|credits:position,consent-notice-v3,sca-app,web,2026-03-19,2026-06-17,vigente,,,,3.8,0
cns_00110,cus_synthetic_0286,tpp_012,bank_001,salud financiera,accounts:balances|accounts:list|credits:arrears|investments:position|payments:initiate,accounts:balances|credits:arrears|payments:initiate,consent-notice-v2,sca-biometria,movil,2026-07-02,2027-06-27,vigente,,,,2.2,0
cns_00111,cus_synthetic_0382,tpp_003,bank_004,comparador de credito,accounts:list|accounts:transactions|credits:position|investments:position|payments:initiate,accounts:list|accounts:transactions|payments:initiate,consent-notice-v3,sca-app,movil,2026-05-28,2026-08-26,revocado,2026-05-28,cliente,cambio de aplicacion,3.3,0
cns_00112,cus_synthetic_0329,tpp_004,bank_003,comparador de credito,accounts:list|credits:position|investments:position|payments:initiate,accounts:list|investments:position,consent-notice-v2,sca-app,movil,2026-06-02,2027-05-28,revocado,2026-08-03,cliente,cambio de aplicacion,14.6,0
cns_00113,cus_synthetic_0185,tpp_007,bank_003,categorizacion de gastos,accounts:list|accounts:transactions|credits:position|payments:initiate,accounts:list|accounts:transactions|credits:position|payments:initiate,consent-notice-v3,sca-app,web,2026-04-04,2026-07-03,rechazado,,,,1.9,0
cns_00114,cus_synthetic_0137,tpp_008,bank_001,comparador de credito,accounts:list|accounts:transactions|credits:arrears|credits:position|investments:position|payments:initiate,accounts:transactions|credits:position|investments:position|payments:initiate,consent-notice-v3,sca-app,movil,2026-01-17,2027-01-12,vigente,,,,2.0,0
cns_00115,cus_synthetic_0164,tpp_007,bank_005,salud financiera,accounts:balances|accounts:transactions|credits:position|payments:initiate,accounts:balances|accounts:transactions|credits:position|payments:initiate,consent-notice-v3,sca-app,movil,2026-04-27,2026-10-24,revocado,2026-07-15,cliente,cese de la relacion,2.2,0
cns_00116,cus_synthetic_0366,tpp_008,bank_004,comparador de credito,accounts:list|accounts:transactions|credits:arrears|credits:position|investments:position|payments:initiate,accounts:transactions|credits:arrears|investments:position|payments:initiate,consent-notice-v3,sca-biometria,web,2026-06-18,2026-12-15,vigente,,,,2.0,0
cns_00117,cus_synthetic_0313,tpp_001,bank_005,salud financiera,accounts:balances|accounts:list|accounts:transactions|credits:arrears|investments:position,accounts:balances|accounts:transactions|credits:arrears,consent-notice-v2,sca-otp,web,2026-03-09,2027-03-04,revocado,2026-03-16,institucion,ya no lo uso,2.6,0
cns_00118,cus_synthetic_0257,tpp_003,bank_002,categorizacion de gastos,accounts:balances|accounts:list|credits:position|investments:position|payments:initiate,accounts:balances|credits:position|investments:position|payments:initiate,consent-notice-v2,sca-otp,movil,2026-04-06,2026-10-03,revocado,2026-04-06,cliente,ya no lo uso,2.0,0
cns_00119,cus_synthetic_0368,tpp_005,bank_003,salud financiera,accounts:balances|credits:arrears|investments:position|payments:initiate,credits:arrears|investments:position,consent-notice-v3,sca-otp,movil,2026-03-13,2026-09-09,revocado,2026-03-17,cliente,no reconozco al proveedor,3.6,0
cns_00120,cus_synthetic_0110,tpp_003,bank_002,categorizacion de gastos,accounts:transactions|credits:position|investments:position|payments:initiate,accounts:transactions|credits:position|investments:position|payments:initiate,consent-notice-v2,sca-app,movil,2026-05-10,2027-05-05,vigente,,,,2.6,0
cns_00121,cus_synthetic_0366,tpp_009,bank_001,comparador de credito,accounts:balances|accounts:transactions|credits:arrears|credits:position|payments:initiate,accounts:balances|accounts:transactions|credits:position|payments:initiate,consent-notice-v2,sca-otp,movil,2026-04-20,2027-04-15,vigente,,,,3.8,0
cns_00122,cus_synthetic_0084,tpp_001,bank_001,salud financiera,accounts:transactions|investments:position|payments:initiate,accounts:transactions|payments:initiate,consent-notice-v2,sca-biometria,web,2026-03-29,2027-03-24,vigente,,,,2.4,0
cns_00123,cus_synthetic_0341,tpp_007,bank_001,salud financiera,accounts:balances|accounts:list|credits:position|payments:initiate,accounts:balances|accounts:list|credits:position|payments:initiate,consent-notice-v3,sca-biometria,movil,2026-01-20,2027-01-15,revocado,2026-03-18,institucion,no reconozco al proveedor,1.7,0
cns_00124,cus_synthetic_0399,tpp_008,bank_001,categorizacion de gastos,accounts:list|accounts:transactions|credits:arrears|credits:position|investments:position|payments:initiate,accounts:list|accounts:transactions|credits:position|investments:position,consent-notice-v2,sca-app,movil,2026-02-21,2027-02-16,vigente,,,,2.7,0
cns_00125,cus_synthetic_0373,tpp_003,bank_001,salud financiera,accounts:list|accounts:transactions|credits:arrears|credits:position|investments:position|payments:initiate,accounts:transactions|credits:arrears|credits:position|payments:initiate,consent-notice-v3,sca-biometria,movil,2026-06-29,2026-12-26,expirado,,,,4.2,1
cns_00126,cus_synthetic_0250,tpp_001,bank_005,comparador de credito,accounts:list|credits:position|payments:initiate,accounts:list|credits:position|payments:initiate,consent-notice-v3,sca-app,movil,2026-04-24,2027-04-19,vigente,,,,8.2,0
cns_00127,cus_synthetic_0050,tpp_004,bank_004,salud financiera,accounts:balances|accounts:transactions|credits:arrears|investments:position|payments:initiate,accounts:balances|accounts:transactions|investments:position,consent-notice-v3,sca-otp,movil,2026-03-21,2026-09-17,vigente,,,,1.8,0
cns_00128,cus_synthetic_0165,tpp_002,bank_005,iniciacion de pago unico,accounts:list|credits:position,credits:position,consent-notice-v3,sca-biometria,web,2026-06-11,2027-06-06,revocado,2026-07-01,cliente,cese de la relacion,2.8,0
cns_00129,cus_synthetic_0128,tpp_004,bank_003,iniciacion de pago unico,accounts:balances|accounts:transactions|credits:arrears|credits:position|investments:position,accounts:balances|accounts:transactions|credits:position|investments:position,consent-notice-v2,sca-biometria,movil,2026-04-07,2026-10-04,vigente,,,,1.6,0
cns_00130,cus_synthetic_0389,tpp_007,bank_003,comparador de credito,credits:arrears|credits:position|investments:position,credits:arrears,consent-notice-v3,sca-biometria,web,2026-05-01,2026-10-28,vigente,,,,5.2,0
cns_00131,cus_synthetic_0130,tpp_003,bank_005,panel de posicion consolidada,accounts:transactions|investments:position|payments:initiate,accounts:transactions|investments:position|payments:initiate,consent-notice-v2,sca-biometria,movil,2026-03-01,2026-05-30,expirado,,,,0.9,0
cns_00132,cus_synthetic_0038,tpp_010,bank_005,categorizacion de gastos,accounts:balances|accounts:transactions|credits:position|investments:position|payments:initiate,accounts:balances|accounts:transactions|payments:initiate,consent-notice-v3,sca-biometria,web,2026-04-28,2027-04-23,expirado,,,,4.7,0
cns_00133,cus_synthetic_0151,tpp_012,bank_002,comparador de credito,accounts:balances|accounts:transactions|payments:initiate,accounts:transactions,consent-notice-v3,sca-app,movil,2026-05-10,2027-05-05,vigente,,,,5.7,0
cns_00134,cus_synthetic_0247,tpp_006,bank_002,comparador de credito,accounts:balances|accounts:list|accounts:transactions|credits:position,accounts:list|accounts:transactions|credits:position,consent-notice-v3,sca-app,movil,2026-04-28,2027-04-23,vigente,,,,1.7,0
cns_00135,cus_synthetic_0328,tpp_010,bank_005,iniciacion de pago unico,accounts:balances|accounts:list|accounts:transactions|credits:arrears|investments:position|payments:initiate,accounts:balances|accounts:list|credits:arrears|investments:position,consent-notice-v3,sca-biometria,web,2026-06-10,2027-06-05,vigente,,,,1.2,0
cns_00136,cus_synthetic_0332,tpp_010,bank_005,comparador de credito,accounts:transactions,accounts:transactions,consent-notice-v2,sca-app,web,2026-05-11,2027-05-06,expirado,,,,2.4,0
cns_00137,cus_synthetic_0054,tpp_006,bank_003,comparador de credito,accounts:balances|accounts:list|accounts:transactions|credits:position,accounts:balances|accounts:transactions|credits:position,consent-notice-v3,sca-app,movil,2026-05-29,2026-08-27,vigente,,,,1.7,0
cns_00138,cus_synthetic_0344,tpp_009,bank_005,iniciacion de pago unico,accounts:balances|accounts:list|credits:position|investments:position|payments:initiate,credits:position|investments:position|payments:initiate,consent-notice-v2,sca-otp,movil,2026-06-20,2027-06-15,revocado,2026-06-26,cliente,no indicado,1.2,0
cns_00139,cus_synthetic_0048,tpp_002,bank_002,panel de posicion consolidada,accounts:transactions|credits:arrears|credits:position|investments:position,credits:arrears|credits:position|investments:position,consent-notice-v2,sca-app,movil,2026-05-19,2026-08-17,rechazado,,,,3.8,0
cns_00140,cus_synthetic_0375,tpp_001,bank_001,comparador de credito,accounts:balances,accounts:balances,consent-notice-v3,sca-otp,movil,2026-05-28,2027-05-23,revocado,2026-05-31,institucion,no reconozco al proveedor,1.1,0
cns_00141,cus_synthetic_0389,tpp_008,bank_004,categorizacion de gastos,accounts:balances|credits:position,accounts:balances|credits:position,consent-notice-v3,sca-biometria,movil,2026-01-07,2027-01-02,vigente,,,,1.2,0
cns_00142,cus_synthetic_0141,tpp_001,bank_004,categorizacion de gastos,accounts:transactions,accounts:transactions,consent-notice-v3,sca-otp,web,2026-06-15,2026-09-13,expirado,,,,1.6,0
cns_00143,cus_synthetic_0345,tpp_005,bank_001,comparador de credito,accounts:list|accounts:transactions|credits:arrears|credits:position|investments:position|payments:initiate,accounts:list|accounts:transactions|credits:arrears|investments:position,consent-notice-v2,sca-app,movil,2026-01-19,2027-01-14,expirado,,,,2.0,0
cns_00144,cus_synthetic_0004,tpp_006,bank_002,comparador de credito,accounts:balances|accounts:transactions|credits:arrears|credits:position|investments:position|payments:initiate,accounts:transactions|credits:arrears|credits:position|investments:position,consent-notice-v3,sca-biometria,web,2026-05-21,2027-05-16,revocado,2026-05-23,institucion,no indicado,0.7,1
cns_00145,cus_synthetic_0270,tpp_003,bank_004,categorizacion de gastos,credits:arrears|investments:position|payments:initiate,credits:arrears|investments:position|payments:initiate,consent-notice-v2,sca-biometria,web,2026-03-08,2027-03-03,vigente,,,,0.9,0
cns_00146,cus_synthetic_0277,tpp_001,bank_002,salud financiera,investments:position,investments:position,consent-notice-v3,sca-otp,web,2026-07-04,2027-06-29,vigente,,,,3.4,0
cns_00147,cus_synthetic_0144,tpp_004,bank_004,salud financiera,accounts:balances|accounts:list|accounts:transactions|credits:arrears|payments:initiate,accounts:transactions|credits:arrears|payments:initiate,consent-notice-v3,sca-app,web,2026-01-06,2027-01-01,vigente,,,,2.2,0
cns_00148,cus_synthetic_0198,tpp_011,bank_005,comparador de credito,credits:arrears,credits:arrears,consent-notice-v3,sca-otp,movil,2026-02-15,2026-05-16,vigente,,,,3.8,0
cns_00149,cus_synthetic_0333,tpp_002,bank_004,comparador de credito,accounts:balances|accounts:transactions|credits:arrears|credits:position|investments:position,accounts:balances|accounts:transactions|credits:arrears|investments:position,consent-notice-v3,sca-app,web,2026-02-08,2027-02-03,vigente,,,,2.0,0
cns_00150,cus_synthetic_0109,tpp_002,bank_005,iniciacion de pago unico,accounts:list|accounts:transactions|credits:position|investments:position|payments:initiate,accounts:list|accounts:transactions|payments:initiate,consent-notice-v3,sca-app,movil,2026-05-24,2027-05-19,expirado,,,,1.9,0
cns_00151,cus_synthetic_0308,tpp_011,bank_002,iniciacion de pago unico,accounts:balances|accounts:transactions|credits:arrears|investments:position,accounts:balances|accounts:transactions|credits:arrears|investments:position,consent-notice-v2,sca-biometria,movil,2026-03-18,2026-06-16,vigente,,,,4.1,0
cns_00152,cus_synthetic_0088,tpp_008,bank_004,iniciacion de pago unico,accounts:balances|accounts:list|credits:arrears|credits:position,accounts:balances|accounts:list|credits:arrears|credits:position,consent-notice-v3,sca-app,movil,2026-03-19,2027-03-14,vigente,,,,1.0,0
cns_00153,cus_synthetic_0156,tpp_003,bank_004,categorizacion de gastos,accounts:balances|accounts:transactions|credits:arrears,accounts:balances|credits:arrears,consent-notice-v3,sca-biometria,web,2026-01-30,2027-01-25,vigente,,,,5.3,0
cns_00154,cus_synthetic_0007,tpp_009,bank_001,categorizacion de gastos,accounts:list|credits:position|payments:initiate,credits:position|payments:initiate,consent-notice-v2,sca-otp,web,2026-02-05,2026-05-06,revocado,2026-02-10,institucion,no indicado,3.0,0
cns_00155,cus_synthetic_0274,tpp_007,bank_005,comparador de credito,credits:arrears|credits:position,credits:arrears|credits:position,consent-notice-v2,sca-biometria,movil,2026-05-16,2026-08-14,vigente,,,,0.6,0
cns_00156,cus_synthetic_0047,tpp_001,bank_002,categorizacion de gastos,accounts:list|accounts:transactions|credits:position|payments:initiate,accounts:list|accounts:transactions|credits:position|payments:initiate,consent-notice-v3,sca-otp,movil,2026-02-02,2027-01-28,vigente,,,,4.3,0
cns_00157,cus_synthetic_0211,tpp_003,bank_001,comparador de credito,accounts:balances|accounts:list|credits:arrears|credits:position|investments:position,accounts:balances|accounts:list|credits:position|investments:position,consent-notice-v3,sca-otp,movil,2026-01-21,2027-01-16,vigente,,,,3.6,0
cns_00158,cus_synthetic_0091,tpp_011,bank_005,iniciacion de pago unico,accounts:list|accounts:transactions|credits:position|investments:position,accounts:list|accounts:transactions|credits:position|investments:position,consent-notice-v2,sca-app,web,2026-07-03,2026-12-30,revocado,2026-07-03,cliente,ya no lo uso,1.1,0
cns_00159,cus_synthetic_0373,tpp_007,bank_005,iniciacion de pago unico,accounts:list|credits:position,credits:position,consent-notice-v2,sca-app,web,2026-05-07,2027-05-02,vigente,,,,1.1,0
cns_00160,cus_synthetic_0359,tpp_005,bank_004,panel de posicion consolidada,accounts:balances|credits:position|investments:position,accounts:balances|credits:position|investments:position,consent-notice-v3,sca-app,movil,2026-02-23,2027-02-18,vigente,,,,0.8,0
cns_00161,cus_synthetic_0062,tpp_007,bank_001,iniciacion de pago unico,accounts:transactions|credits:arrears|payments:initiate,payments:initiate,consent-notice-v3,sca-app,movil,2026-01-14,2026-07-13,vigente,,,,1.6,0
cns_00162,cus_synthetic_0006,tpp_003,bank_005,comparador de credito,credits:arrears|investments:position|payments:initiate,investments:position,consent-notice-v2,sca-otp,movil,2026-04-04,2027-03-30,vigente,,,,0.8,0
cns_00163,cus_synthetic_0016,tpp_011,bank_005,categorizacion de gastos,credits:arrears|investments:position,credits:arrears|investments:position,consent-notice-v3,sca-biometria,movil,2026-01-22,2027-01-17,vigente,,,,2.7,0
cns_00164,cus_synthetic_0053,tpp_012,bank_001,comparador de credito,accounts:balances|accounts:list|investments:position|payments:initiate,accounts:balances|investments:position|payments:initiate,consent-notice-v3,sca-otp,movil,2026-03-05,2026-06-03,vigente,,,,3.5,1
cns_00165,cus_synthetic_0152,tpp_008,bank_004,iniciacion de pago unico,accounts:balances|credits:position|payments:initiate,accounts:balances,consent-notice-v3,sca-biometria,web,2026-01-22,2026-04-22,revocado,2026-01-29,cliente,cambio de aplicacion,5.0,0
cns_00166,cus_synthetic_0364,tpp_004,bank_005,comparador de credito,accounts:list|accounts:transactions|credits:arrears|credits:position|payments:initiate,accounts:transactions|credits:arrears|payments:initiate,consent-notice-v3,sca-otp,web,2026-01-26,2027-01-21,vigente,,,,2.0,1
cns_00167,cus_synthetic_0329,tpp_005,bank_004,comparador de credito,accounts:balances|accounts:list|accounts:transactions|credits:arrears|credits:position|investments:position,accounts:transactions|credits:arrears|credits:position|investments:position,consent-notice-v2,sca-otp,movil,2026-05-28,2027-05-23,expirado,,,,3.1,0
cns_00168,cus_synthetic_0165,tpp_009,bank_003,salud financiera,accounts:balances|accounts:list|credits:position|investments:position,accounts:balances|investments:position,consent-notice-v2,sca-biometria,web,2026-04-04,2026-10-01,vigente,,,,3.0,0
cns_00169,cus_synthetic_0393,tpp_004,bank_005,panel de posicion consolidada,accounts:balances|accounts:list|accounts:transactions|credits:arrears|investments:position,accounts:balances|accounts:list|accounts:transactions|credits:arrears,consent-notice-v2,sca-biometria,web,2026-03-01,2027-02-24,vigente,,,,2.4,0
cns_00170,cus_synthetic_0235,tpp_005,bank_004,iniciacion de pago unico,credits:position,credits:position,consent-notice-v2,sca-app,web,2026-06-29,2026-12-26,vigente,,,,5.6,0
cns_00171,cus_synthetic_0249,tpp_004,bank_001,panel de posicion consolidada,accounts:balances|accounts:list|credits:position,credits:position,consent-notice-v3,sca-app,movil,2026-06-26,2026-12-23,vigente,,,,8.7,0
cns_00172,cus_synthetic_0107,tpp_001,bank_005,categorizacion de gastos,credits:arrears,credits:arrears,consent-notice-v2,sca-otp,movil,2026-04-15,2026-07-14,vigente,,,,2.8,0
cns_00173,cus_synthetic_0184,tpp_007,bank_002,comparador de credito,accounts:list|credits:position|investments:position|payments:initiate,credits:position|payments:initiate,consent-notice-v3,sca-app,web,2026-07-03,2027-06-28,vigente,,,,1.2,0
cns_00174,cus_synthetic_0048,tpp_004,bank_002,comparador de credito,accounts:list|credits:position,credits:position,consent-notice-v3,sca-app,movil,2026-03-12,2026-09-08,vigente,,,,2.3,0
cns_00175,cus_synthetic_0310,tpp_006,bank_003,panel de posicion consolidada,accounts:list|accounts:transactions|credits:arrears|credits:position,accounts:list|accounts:transactions|credits:arrears|credits:position,consent-notice-v3,sca-app,web,2026-06-30,2026-12-27,vigente,,,,1.2,0
cns_00176,cus_synthetic_0180,tpp_009,bank_003,categorizacion de gastos,accounts:balances|credits:arrears|investments:position,accounts:balances|credits:arrears|investments:position,consent-notice-v3,sca-app,movil,2026-04-08,2026-10-05,vigente,,,,1.8,0
cns_00177,cus_synthetic_0234,tpp_012,bank_005,salud financiera,accounts:balances|accounts:list|credits:arrears|investments:position,accounts:balances|accounts:list|credits:arrears|investments:position,consent-notice-v3,sca-biometria,web,2026-03-07,2026-06-05,vigente,,,,3.3,0
cns_00178,cus_synthetic_0382,tpp_003,bank_005,comparador de credito,payments:initiate,payments:initiate,consent-notice-v3,sca-app,web,2026-02-11,2027-02-06,vigente,,,,1.5,0
cns_00179,cus_synthetic_0327,tpp_009,bank_003,comparador de credito,accounts:list|credits:position|investments:position|payments:initiate,credits:position|investments:position|payments:initiate,consent-notice-v3,sca-app,web,2026-03-10,2027-03-05,vigente,,,,1.1,0
cns_00180,cus_synthetic_0121,tpp_010,bank_004,iniciacion de pago unico,accounts:balances|credits:arrears|credits:position|investments:position,accounts:balances|investments:position,consent-notice-v3,sca-otp,web,2026-03-25,2027-03-20,vigente,,,,2.1,0
cns_00181,cus_synthetic_0384,tpp_010,bank_004,comparador de credito,accounts:transactions|credits:arrears|credits:position|investments:position|payments:initiate,accounts:transactions|credits:position|investments:position|payments:initiate,consent-notice-v2,sca-otp,web,2026-04-28,2027-04-23,vigente,,,,5.8,0
cns_00182,cus_synthetic_0216,tpp_006,bank_003,iniciacion de pago unico,accounts:list|accounts:transactions|investments:position|payments:initiate,accounts:list|investments:position|payments:initiate,consent-notice-v2,sca-otp,web,2026-05-15,2027-05-10,rechazado,,,,3.6,0
cns_00183,cus_synthetic_0024,tpp_011,bank_002,comparador de credito,accounts:list|accounts:transactions|credits:arrears|credits:position|investments:position,accounts:transactions|credits:arrears|credits:position|investments:position,consent-notice-v3,sca-biometria,movil,2026-04-21,2027-04-16,revocado,2026-06-03,cliente,ya no lo uso,1.9,0
cns_00184,cus_synthetic_0192,tpp_011,bank_002,panel de posicion consolidada,accounts:balances|accounts:transactions|credits:arrears|investments:position,accounts:balances|accounts:transactions|investments:position,consent-notice-v3,sca-biometria,movil,2026-03-10,2027-03-05,revocado,2026-05-18,cliente,no indicado,1.8,1
cns_00185,cus_synthetic_0052,tpp_010,bank_005,comparador de credito,credits:arrears,credits:arrears,consent-notice-v2,sca-biometria,web,2026-06-28,2027-06-23,vigente,,,,5.8,0
cns_00186,cus_synthetic_0356,tpp_006,bank_001,salud financiera,accounts:balances|accounts:list|credits:position,accounts:balances|credits:position,consent-notice-v3,sca-biometria,movil,2026-03-26,2027-03-21,vigente,,,,2.1,0
cns_00187,cus_synthetic_0240,tpp_010,bank_001,categorizacion de gastos,accounts:list|accounts:transactions|investments:position|payments:initiate,accounts:list|accounts:transactions|investments:position|payments:initiate,consent-notice-v3,sca-otp,movil,2026-01-22,2026-07-21,vigente,,,,0.8,0
cns_00188,cus_synthetic_0258,tpp_005,bank_004,categorizacion de gastos,credits:arrears|payments:initiate,credits:arrears,consent-notice-v3,sca-otp,web,2026-06-05,2026-12-02,expirado,,,,2.2,0
cns_00189,cus_synthetic_0017,tpp_012,bank_002,salud financiera,accounts:list|accounts:transactions|credits:position|payments:initiate,accounts:list|accounts:transactions,consent-notice-v2,sca-otp,web,2026-05-03,2026-10-30,vigente,,,,4.1,0
cns_00190,cus_synthetic_0143,tpp_006,bank_001,categorizacion de gastos,accounts:list|accounts:transactions|investments:position,investments:position,consent-notice-v2,sca-app,movil,2026-05-04,2026-08-02,vigente,,,,2.8,0
cns_00191,cus_synthetic_0274,tpp_009,bank_004,categorizacion de gastos,accounts:list|accounts:transactions|credits:arrears,accounts:list|accounts:transactions|credits:arrears,consent-notice-v2,sca-app,web,2026-05-12,2027-05-07,vigente,,,,3.1,0
cns_00192,cus_synthetic_0268,tpp_006,bank_003,comparador de credito,accounts:balances|accounts:list|credits:position|investments:position,accounts:balances|accounts:list|credits:position|investments:position,consent-notice-v3,sca-biometria,movil,2026-06-08,2027-06-03,vigente,,,,3.1,0
cns_00193,cus_synthetic_0212,tpp_004,bank_001,iniciacion de pago unico,accounts:balances|accounts:transactions|credits:position,credits:position,consent-notice-v3,sca-biometria,movil,2026-04-22,2026-10-19,vigente,,,,2.6,0
cns_00194,cus_synthetic_0249,tpp_003,bank_001,salud financiera,accounts:list|accounts:transactions,accounts:list|accounts:transactions,consent-notice-v2,sca-otp,web,2026-05-15,2027-05-10,revocado,2026-08-07,cliente,cese de la relacion,1.7,0
cns_00195,cus_synthetic_0198,tpp_005,bank_001,panel de posicion consolidada,accounts:balances|accounts:list|credits:position,accounts:balances,consent-notice-v3,sca-otp,web,2026-03-23,2026-09-19,revocado,2026-04-16,cliente,no reconozco al proveedor,5.4,1
cns_00196,cus_synthetic_0024,tpp_007,bank_001,salud financiera,accounts:balances|accounts:transactions|credits:arrears|investments:position|payments:initiate,accounts:balances|accounts:transactions|investments:position|payments:initiate,consent-notice-v2,sca-biometria,web,2026-05-20,2026-11-16,vigente,,,,1.9,0
cns_00197,cus_synthetic_0120,tpp_009,bank_002,categorizacion de gastos,accounts:balances|accounts:list|credits:arrears|credits:position|investments:position|payments:initiate,accounts:balances|accounts:list|credits:arrears|payments:initiate,consent-notice-v3,sca-app,web,2026-03-18,2027-03-13,vigente,,,,1.8,0
cns_00198,cus_synthetic_0278,tpp_011,bank_002,salud financiera,investments:position,investments:position,consent-notice-v3,sca-app,web,2026-03-20,2027-03-15,revocado,2026-03-27,cliente,ya no lo uso,1.3,0
cns_00199,cus_synthetic_0215,tpp_003,bank_004,salud financiera,investments:position,investments:position,consent-notice-v2,sca-app,web,2026-05-23,2026-08-21,vigente,,,,4.2,0
cns_00200,cus_synthetic_0189,tpp_005,bank_003,comparador de credito,accounts:list|credits:arrears|investments:position,credits:arrears,consent-notice-v2,sca-app,movil,2026-07-01,2026-12-28,vigente,,,,4.5,0
cns_00201,cus_synthetic_0332,tpp_012,bank_004,panel de posicion consolidada,accounts:balances|accounts:list|accounts:transactions|credits:arrears|credits:position|investments:position,accounts:balances|credits:arrears|credits:position|investments:position,consent-notice-v2,sca-otp,web,2026-02-04,2027-01-30,vigente,,,,2.1,0
cns_00202,cus_synthetic_0196,tpp_006,bank_004,categorizacion de gastos,accounts:balances|accounts:list|accounts:transactions|credits:arrears|investments:position|payments:initiate,accounts:balances|accounts:list|investments:position|payments:initiate,consent-notice-v2,sca-otp,movil,2026-04-01,2026-09-28,vigente,,,,2.8,0
cns_00203,cus_synthetic_0211,tpp_012,bank_002,salud financiera,accounts:balances|accounts:transactions|credits:arrears|credits:position|payments:initiate,accounts:balances|accounts:transactions|credits:position,consent-notice-v2,sca-biometria,movil,2026-06-30,2027-06-25,vigente,,,,2.2,0
cns_00204,cus_synthetic_0096,tpp_012,bank_003,comparador de credito,accounts:transactions|credits:arrears|investments:position|payments:initiate,accounts:transactions|credits:arrears,consent-notice-v2,sca-biometria,web,2026-04-04,2026-10-01,vigente,,,,1.4,0
cns_00205,cus_synthetic_0107,tpp_001,bank_003,salud financiera,accounts:list|payments:initiate,accounts:list|payments:initiate,consent-notice-v2,sca-otp,movil,2026-06-04,2027-05-30,vigente,,,,1.7,0
cns_00206,cus_synthetic_0290,tpp_004,bank_004,comparador de credito,accounts:balances|payments:initiate,accounts:balances,consent-notice-v3,sca-biometria,movil,2026-05-16,2027-05-11,revocado,2026-06-15,cliente,no indicado,2.8,0
cns_00207,cus_synthetic_0198,tpp_010,bank_001,panel de posicion consolidada,accounts:balances|accounts:list|accounts:transactions|investments:position,accounts:balances|accounts:list|accounts:transactions,consent-notice-v2,sca-biometria,movil,2026-04-27,2027-04-22,revocado,2026-04-30,cliente,no reconozco al proveedor,3.8,0
cns_00208,cus_synthetic_0300,tpp_010,bank_002,panel de posicion consolidada,accounts:balances|accounts:list|accounts:transactions|credits:arrears|credits:position|investments:position,accounts:balances|accounts:transactions|credits:arrears|investments:position,consent-notice-v2,sca-otp,movil,2026-02-03,2027-01-29,vigente,,,,3.5,0
cns_00209,cus_synthetic_0332,tpp_010,bank_001,salud financiera,investments:position|payments:initiate,investments:position|payments:initiate,consent-notice-v2,sca-otp,movil,2026-02-27,2027-02-22,vigente,,,,0.9,0
cns_00210,cus_synthetic_0276,tpp_012,bank_001,comparador de credito,accounts:transactions|credits:arrears|payments:initiate,accounts:transactions|credits:arrears|payments:initiate,consent-notice-v3,sca-otp,movil,2026-02-27,2027-02-22,vigente,,,,2.1,0
cns_00211,cus_synthetic_0014,tpp_004,bank_003,panel de posicion consolidada,accounts:balances,accounts:balances,consent-notice-v2,sca-otp,movil,2026-02-13,2026-08-12,vigente,,,,4.6,0
cns_00212,cus_synthetic_0250,tpp_010,bank_004,iniciacion de pago unico,accounts:balances|credits:arrears|credits:position,credits:position,consent-notice-v2,sca-biometria,web,2026-03-28,2027-03-23,revocado,2026-03-28,cliente,cambio de aplicacion,1.2,0
cns_00213,cus_synthetic_0230,tpp_006,bank_002,panel de posicion consolidada,accounts:balances|accounts:transactions,accounts:balances,consent-notice-v3,sca-otp,movil,2026-05-03,2026-10-30,expirado,,,,2.5,0
cns_00214,cus_synthetic_0178,tpp_002,bank_003,iniciacion de pago unico,accounts:balances|accounts:list|credits:arrears|credits:position|investments:position|payments:initiate,accounts:balances|accounts:list|investments:position|payments:initiate,consent-notice-v2,sca-otp,web,2026-03-17,2027-03-12,vigente,,,,2.9,0
cns_00215,cus_synthetic_0300,tpp_010,bank_005,iniciacion de pago unico,accounts:balances|accounts:list|credits:arrears|credits:position|investments:position,accounts:balances|accounts:list|credits:position|investments:position,consent-notice-v3,sca-otp,web,2026-03-10,2026-09-06,revocado,2026-03-13,cliente,no reconozco al proveedor,2.3,0
cns_00216,cus_synthetic_0145,tpp_003,bank_005,comparador de credito,accounts:list|payments:initiate,accounts:list|payments:initiate,consent-notice-v3,sca-app,movil,2026-06-20,2027-06-15,vigente,,,,2.4,0
cns_00217,cus_synthetic_0207,tpp_005,bank_005,iniciacion de pago unico,accounts:balances|accounts:list|accounts:transactions|credits:arrears|payments:initiate,accounts:list|accounts:transactions|credits:arrears|payments:initiate,consent-notice-v3,sca-otp,web,2026-02-05,2027-01-31,expirado,,,,7.0,0
cns_00218,cus_synthetic_0387,tpp_003,bank_001,iniciacion de pago unico,accounts:balances|accounts:list|accounts:transactions|credits:position|investments:position|payments:initiate,accounts:balances|accounts:transactions|investments:position|payments:initiate,consent-notice-v3,sca-otp,movil,2026-01-10,2026-07-09,vigente,,,,3.8,0
cns_00219,cus_synthetic_0204,tpp_007,bank_001,comparador de credito,accounts:list|investments:position,accounts:list,consent-notice-v2,sca-otp,web,2026-06-13,2026-12-10,expirado,,,,1.9,1
cns_00220,cus_synthetic_0158,tpp_009,bank_002,iniciacion de pago unico,accounts:balances|accounts:list|credits:arrears|payments:initiate,accounts:list|credits:arrears|payments:initiate,consent-notice-v3,sca-app,web,2026-02-23,2027-02-18,vigente,,,,0.9,0
cns_00221,cus_synthetic_0044,tpp_009,bank_002,iniciacion de pago unico,accounts:list|credits:position,accounts:list|credits:position,consent-notice-v2,sca-otp,web,2026-02-25,2027-02-20,revocado,2026-02-27,cliente,no indicado,1.4,0
cns_00222,cus_synthetic_0289,tpp_011,bank_003,categorizacion de gastos,accounts:balances|credits:position,accounts:balances,consent-notice-v2,sca-biometria,movil,2026-05-20,2027-05-15,expirado,,,,1.5,0
cns_00223,cus_synthetic_0081,tpp_008,bank_002,panel de posicion consolidada,accounts:balances|accounts:list|accounts:transactions|investments:position,accounts:balances|accounts:list|accounts:transactions|investments:position,consent-notice-v2,sca-otp,web,2026-06-08,2027-06-03,vigente,,,,4.9,0
cns_00224,cus_synthetic_0168,tpp_007,bank_004,comparador de credito,accounts:transactions|investments:position|payments:initiate,investments:position|payments:initiate,consent-notice-v2,sca-otp,web,2026-05-03,2027-04-28,revocado,2026-06-12,cliente,cese de la relacion,7.6,0
cns_00225,cus_synthetic_0193,tpp_008,bank_004,panel de posicion consolidada,accounts:balances|accounts:transactions|credits:arrears|investments:position,accounts:balances|accounts:transactions|credits:arrears|investments:position,consent-notice-v2,sca-app,web,2026-06-16,2027-06-11,revocado,2026-08-31,cliente,no indicado,2.0,0
cns_00226,cus_synthetic_0295,tpp_009,bank_001,categorizacion de gastos,accounts:transactions|payments:initiate,payments:initiate,consent-notice-v2,sca-otp,movil,2026-05-08,2027-05-03,vigente,,,,3.1,0
cns_00227,cus_synthetic_0274,tpp_009,bank_002,iniciacion de pago unico,accounts:balances|accounts:transactions|credits:arrears|credits:position|payments:initiate,accounts:balances|credits:arrears|payments:initiate,consent-notice-v3,sca-app,movil,2026-04-19,2027-04-14,revocado,2026-04-19,cliente,cambio de aplicacion,2.1,0
cns_00228,cus_synthetic_0088,tpp_009,bank_002,panel de posicion consolidada,accounts:balances|accounts:transactions,accounts:balances,consent-notice-v2,sca-otp,movil,2026-04-04,2026-10-01,vigente,,,,3.1,0
cns_00229,cus_synthetic_0199,tpp_011,bank_005,panel de posicion consolidada,accounts:balances|accounts:list|accounts:transactions|credits:arrears|credits:position|payments:initiate,accounts:balances|credits:arrears|credits:position|payments:initiate,consent-notice-v3,sca-otp,movil,2026-04-25,2027-04-20,vigente,,,,5.0,0
cns_00230,cus_synthetic_0243,tpp_011,bank_002,categorizacion de gastos,accounts:balances|accounts:transactions|credits:arrears|credits:position|investments:position|payments:initiate,accounts:balances|accounts:transactions|credits:arrears|investments:position,consent-notice-v2,sca-biometria,movil,2026-06-26,2026-12-23,rechazado,,,,2.6,0
cns_00231,cus_synthetic_0008,tpp_004,bank_002,iniciacion de pago unico,accounts:transactions,accounts:transactions,consent-notice-v3,sca-biometria,movil,2026-03-01,2026-08-28,vigente,,,,1.8,0
cns_00232,cus_synthetic_0201,tpp_006,bank_002,salud financiera,accounts:balances|accounts:list|credits:arrears|investments:position,accounts:balances|accounts:list|credits:arrears|investments:position,consent-notice-v2,sca-app,web,2026-02-09,2027-02-04,vigente,,,,9.9,0
cns_00233,cus_synthetic_0176,tpp_003,bank_002,salud financiera,investments:position,investments:position,consent-notice-v3,sca-otp,web,2026-06-02,2027-05-28,revocado,2026-08-10,cliente,no indicado,5.0,0
cns_00234,cus_synthetic_0210,tpp_012,bank_005,iniciacion de pago unico,accounts:balances|accounts:list|accounts:transactions|credits:arrears|credits:position|investments:position,accounts:list|credits:arrears|credits:position|investments:position,consent-notice-v2,sca-app,web,2026-02-03,2026-05-04,revocado,2026-02-06,cliente,cambio de aplicacion,4.5,0
cns_00235,cus_synthetic_0396,tpp_007,bank_004,categorizacion de gastos,accounts:list|accounts:transactions|investments:position,accounts:list|accounts:transactions|investments:position,consent-notice-v2,sca-otp,web,2026-05-11,2027-05-06,revocado,2026-06-20,cliente,cambio de aplicacion,1.8,0
cns_00236,cus_synthetic_0353,tpp_010,bank_005,panel de posicion consolidada,accounts:transactions|credits:arrears|credits:position|payments:initiate,accounts:transactions|credits:arrears|credits:position|payments:initiate,consent-notice-v2,sca-otp,movil,2026-01-10,2026-04-10,vigente,,,,3.1,0
cns_00237,cus_synthetic_0271,tpp_008,bank_001,comparador de credito,accounts:balances|accounts:transactions|credits:arrears|investments:position,accounts:balances|investments:position,consent-notice-v2,sca-app,web,2026-04-07,2026-10-04,expirado,,,,6.6,0
cns_00238,cus_synthetic_0171,tpp_009,bank_002,salud financiera,accounts:list|accounts:transactions|credits:arrears|credits:position|payments:initiate,accounts:list|accounts:transactions|credits:position|payments:initiate,consent-notice-v3,sca-otp,web,2026-03-14,2027-03-09,revocado,2026-03-16,cliente,cambio de aplicacion,1.2,0
cns_00239,cus_synthetic_0034,tpp_009,bank_001,salud financiera,accounts:balances|credits:arrears,accounts:balances|credits:arrears,consent-notice-v2,sca-biometria,web,2026-05-29,2026-11-25,vigente,,,,3.2,0
cns_00240,cus_synthetic_0388,tpp_005,bank_001,salud financiera,accounts:balances|credits:position|investments:position,accounts:balances|credits:position,consent-notice-v3,sca-otp,movil,2026-04-17,2026-07-16,revocado,2026-04-17,cliente,no reconozco al proveedor,4.6,0
cns_00241,cus_synthetic_0177,tpp_002,bank_005,salud financiera,accounts:transactions,accounts:transactions,consent-notice-v2,sca-otp,movil,2026-04-14,2027-04-09,expirado,,,,9.2,0
cns_00242,cus_synthetic_0316,tpp_009,bank_003,iniciacion de pago unico,accounts:balances|credits:position|payments:initiate,credits:position,consent-notice-v2,sca-app,movil,2026-03-25,2027-03-20,vigente,,,,1.5,0
cns_00243,cus_synthetic_0002,tpp_007,bank_001,salud financiera,accounts:transactions|credits:arrears|credits:position,accounts:transactions,consent-notice-v2,sca-app,web,2026-05-14,2027-05-09,revocado,2026-05-20,cliente,ya no lo uso,3.9,0
cns_00244,cus_synthetic_0160,tpp_007,bank_001,salud financiera,accounts:balances|accounts:transactions|credits:arrears|investments:position|payments:initiate,accounts:balances|credits:arrears|investments:position|payments:initiate,consent-notice-v3,sca-otp,movil,2026-06-11,2027-06-06,expirado,,,,3.5,0
cns_00245,cus_synthetic_0170,tpp_008,bank_005,salud financiera,accounts:balances|investments:position|payments:initiate,accounts:balances|investments:position|payments:initiate,consent-notice-v2,sca-biometria,web,2026-06-27,2027-06-22,revocado,2026-08-17,cliente,no indicado,4.5,0
cns_00246,cus_synthetic_0175,tpp_012,bank_004,categorizacion de gastos,accounts:transactions|credits:arrears|credits:position|investments:position|payments:initiate,accounts:transactions|investments:position|payments:initiate,consent-notice-v3,sca-app,movil,2026-03-24,2027-03-19,vigente,,,,1.2,0
cns_00247,cus_synthetic_0084,tpp_002,bank_003,panel de posicion consolidada,investments:position,investments:position,consent-notice-v3,sca-biometria,movil,2026-06-14,2027-06-09,vigente,,,,1.6,0
cns_00248,cus_synthetic_0366,tpp_006,bank_002,iniciacion de pago unico,accounts:list|credits:arrears|credits:position|payments:initiate,accounts:list|credits:position|payments:initiate,consent-notice-v3,sca-biometria,web,2026-04-01,2026-09-28,vigente,,,,13.3,0
cns_00249,cus_synthetic_0324,tpp_003,bank_003,comparador de credito,accounts:balances|accounts:list|investments:position|payments:initiate,accounts:balances|accounts:list|investments:position|payments:initiate,consent-notice-v3,sca-otp,web,2026-06-21,2027-06-16,vigente,,,,3.4,0
cns_00250,cus_synthetic_0225,tpp_004,bank_001,iniciacion de pago unico,accounts:balances|accounts:list|credits:arrears|credits:position|payments:initiate,credits:arrears|credits:position|payments:initiate,consent-notice-v3,sca-otp,movil,2026-04-03,2027-03-29,vigente,,,,5.3,0
cns_00251,cus_synthetic_0371,tpp_007,bank_005,categorizacion de gastos,accounts:list|accounts:transactions|credits:position|investments:position,accounts:transactions|credits:position|investments:position,consent-notice-v2,sca-app,web,2026-05-07,2027-05-02,vigente,,,,1.2,0
cns_00252,cus_synthetic_0031,tpp_003,bank_003,iniciacion de pago unico,accounts:transactions|credits:arrears|credits:position|investments:position|payments:initiate,accounts:transactions|investments:position|payments:initiate,consent-notice-v3,sca-otp,web,2026-04-15,2027-04-10,vigente,,,,2.4,0
cns_00253,cus_synthetic_0296,tpp_003,bank_005,comparador de credito,accounts:list|credits:arrears|credits:position|investments:position,accounts:list|credits:arrears|credits:position|investments:position,consent-notice-v2,sca-biometria,movil,2026-05-10,2026-11-06,expirado,,,,1.4,0
cns_00254,cus_synthetic_0030,tpp_008,bank_001,salud financiera,credits:position|payments:initiate,credits:position|payments:initiate,consent-notice-v3,sca-biometria,movil,2026-04-28,2027-04-23,revocado,2026-07-06,cliente,cese de la relacion,1.2,0
cns_00255,cus_synthetic_0377,tpp_009,bank_005,iniciacion de pago unico,accounts:balances,accounts:balances,consent-notice-v3,sca-biometria,web,2026-05-26,2027-05-21,rechazado,,,,0.5,0
cns_00256,cus_synthetic_0104,tpp_007,bank_005,comparador de credito,credits:arrears|credits:position|investments:position,investments:position,consent-notice-v3,sca-biometria,web,2026-04-17,2027-04-12,revocado,2026-06-24,cliente,no indicado,3.9,0
cns_00257,cus_synthetic_0256,tpp_003,bank_002,comparador de credito,accounts:transactions|credits:position|investments:position,accounts:transactions|investments:position,consent-notice-v3,sca-biometria,web,2026-05-08,2026-08-06,vigente,,,,3.2,0
cns_00258,cus_synthetic_0126,tpp_002,bank_002,panel de posicion consolidada,accounts:balances|credits:arrears|payments:initiate,accounts:balances|credits:arrears|payments:initiate,consent-notice-v3,sca-otp,web,2026-05-16,2027-05-11,vigente,,,,3.5,0
cns_00259,cus_synthetic_0345,tpp_005,bank_005,salud financiera,accounts:list|accounts:transactions|investments:position|payments:initiate,investments:position|payments:initiate,consent-notice-v3,sca-otp,web,2026-07-04,2027-06-29,vigente,,,,3.4,0
cns_00260,cus_synthetic_0125,tpp_010,bank_003,comparador de credito,accounts:balances|accounts:transactions|credits:arrears|credits:position|payments:initiate,accounts:balances|accounts:transactions|payments:initiate,consent-notice-v2,sca-otp,movil,2026-05-07,2027-05-02,vigente,,,,2.8,0
cns_00261,cus_synthetic_0172,tpp_003,bank_004,categorizacion de gastos,credits:arrears|credits:position,credits:arrears|credits:position,consent-notice-v3,sca-biometria,web,2026-06-20,2027-06-15,revocado,2026-06-23,cliente,no indicado,3.3,0
cns_00262,cus_synthetic_0325,tpp_010,bank_002,categorizacion de gastos,accounts:list|credits:arrears|credits:position|investments:position|payments:initiate,accounts:list|credits:position|investments:position|payments:initiate,consent-notice-v3,sca-app,movil,2026-03-14,2027-03-09,rechazado,,,,3.1,0
cns_00263,cus_synthetic_0133,tpp_009,bank_005,comparador de credito,accounts:list|accounts:transactions|credits:arrears|credits:position|investments:position|payments:initiate,accounts:list|credits:position|investments:position|payments:initiate,consent-notice-v2,sca-otp,movil,2026-02-03,2026-08-02,revocado,2026-02-05,cliente,no reconozco al proveedor,3.2,0
cns_00264,cus_synthetic_0001,tpp_009,bank_002,iniciacion de pago unico,accounts:balances|accounts:list|accounts:transactions|credits:position,accounts:balances|accounts:transactions|credits:position,consent-notice-v3,sca-otp,movil,2026-01-11,2026-07-10,vigente,,,,1.9,0
cns_00265,cus_synthetic_0390,tpp_007,bank_002,comparador de credito,accounts:list|credits:arrears|credits:position|investments:position|payments:initiate,accounts:list|credits:arrears|credits:position|payments:initiate,consent-notice-v2,sca-app,movil,2026-03-26,2027-03-21,revocado,2026-04-09,institucion,no reconozco al proveedor,2.4,0
cns_00266,cus_synthetic_0155,tpp_005,bank_004,iniciacion de pago unico,accounts:balances|accounts:transactions|investments:position,accounts:balances|accounts:transactions|investments:position,consent-notice-v2,sca-otp,web,2026-05-15,2026-11-11,expirado,,,,2.2,0
cns_00267,cus_synthetic_0143,tpp_005,bank_004,panel de posicion consolidada,accounts:balances|accounts:list|accounts:transactions|credits:position|investments:position|payments:initiate,accounts:balances|accounts:list|accounts:transactions|payments:initiate,consent-notice-v2,sca-app,movil,2026-01-13,2027-01-08,vigente,,,,1.6,0
cns_00268,cus_synthetic_0139,tpp_006,bank_004,comparador de credito,accounts:transactions|credits:position|investments:position|payments:initiate,accounts:transactions|credits:position|investments:position|payments:initiate,consent-notice-v2,sca-biometria,web,2026-06-01,2027-05-27,vigente,,,,3.1,0
cns_00269,cus_synthetic_0330,tpp_004,bank_001,comparador de credito,accounts:list|credits:arrears,accounts:list,consent-notice-v3,sca-biometria,web,2026-06-22,2027-06-17,vigente,,,,4.0,0
cns_00270,cus_synthetic_0226,tpp_007,bank_003,salud financiera,credits:position,credits:position,consent-notice-v3,sca-otp,movil,2026-01-20,2026-07-19,vigente,,,,3.1,0
cns_00271,cus_synthetic_0129,tpp_009,bank_004,salud financiera,accounts:balances|accounts:transactions|credits:position|payments:initiate,accounts:balances|accounts:transactions|credits:position|payments:initiate,consent-notice-v3,sca-otp,web,2026-03-20,2026-06-18,vigente,,,,3.3,0
cns_00272,cus_synthetic_0240,tpp_012,bank_003,comparador de credito,accounts:list|credits:arrears|investments:position,credits:arrears|investments:position,consent-notice-v2,sca-app,web,2026-06-27,2027-06-22,vigente,,,,1.4,0
cns_00273,cus_synthetic_0307,tpp_006,bank_004,comparador de credito,credits:arrears|payments:initiate,credits:arrears|payments:initiate,consent-notice-v2,sca-biometria,movil,2026-05-24,2026-08-22,expirado,,,,2.4,0
cns_00274,cus_synthetic_0223,tpp_002,bank_003,categorizacion de gastos,accounts:balances|accounts:transactions,accounts:balances|accounts:transactions,consent-notice-v3,sca-biometria,movil,2026-02-05,2026-05-06,vigente,,,,1.5,0
cns_00275,cus_synthetic_0366,tpp_005,bank_001,categorizacion de gastos,accounts:balances|accounts:list|credits:arrears|credits:position|investments:position,accounts:balances|credits:arrears|credits:position,consent-notice-v2,sca-otp,movil,2026-03-28,2027-03-23,vigente,,,,3.6,0
cns_00276,cus_synthetic_0086,tpp_004,bank_001,salud financiera,accounts:list|accounts:transactions|credits:arrears|credits:position,accounts:list|accounts:transactions|credits:arrears|credits:position,consent-notice-v2,sca-biometria,web,2026-06-24,2027-06-19,expirado,,,,6.5,0
cns_00277,cus_synthetic_0214,tpp_012,bank_004,panel de posicion consolidada,accounts:balances|accounts:list|accounts:transactions|credits:arrears|credits:position|payments:initiate,accounts:balances|accounts:list|accounts:transactions|credits:arrears,consent-notice-v3,sca-biometria,web,2026-05-29,2027-05-24,revocado,2026-06-02,cliente,cese de la relacion,5.7,0
cns_00278,cus_synthetic_0264,tpp_010,bank_003,salud financiera,accounts:balances|accounts:list|accounts:transactions|credits:arrears|investments:position,accounts:balances|accounts:list|credits:arrears|investments:position,consent-notice-v3,sca-otp,web,2026-01-14,2026-07-13,vigente,,,,0.8,0
cns_00279,cus_synthetic_0275,tpp_010,bank_002,iniciacion de pago unico,accounts:balances|accounts:list|credits:arrears|credits:position|investments:position|payments:initiate,accounts:balances|accounts:list|credits:arrears|investments:position,consent-notice-v2,sca-biometria,web,2026-01-17,2027-01-12,revocado,2026-01-21,cliente,cese de la relacion,2.7,0
cns_00280,cus_synthetic_0344,tpp_009,bank_001,panel de posicion consolidada,accounts:balances|accounts:list|accounts:transactions|investments:position|payments:initiate,accounts:list|investments:position|payments:initiate,consent-notice-v2,sca-biometria,web,2026-02-10,2026-08-09,expirado,,,,2.5,0
cns_00281,cus_synthetic_0311,tpp_012,bank_004,panel de posicion consolidada,accounts:balances|accounts:list|credits:arrears|credits:position|investments:position|payments:initiate,accounts:balances|accounts:list|credits:position|payments:initiate,consent-notice-v3,sca-otp,web,2026-03-07,2027-03-02,vigente,,,,3.2,0
cns_00282,cus_synthetic_0294,tpp_007,bank_002,categorizacion de gastos,accounts:balances|accounts:transactions|credits:arrears|investments:position,credits:arrears|investments:position,consent-notice-v2,sca-otp,movil,2026-06-05,2026-09-03,vigente,,,,2.1,0
cns_00283,cus_synthetic_0271,tpp_002,bank_004,comparador de credito,accounts:balances|credits:arrears|investments:position,credits:arrears,consent-notice-v3,sca-otp,web,2026-06-01,2027-05-27,vigente,,,,5.1,0
cns_00284,cus_synthetic_0077,tpp_009,bank_002,categorizacion de gastos,accounts:balances|accounts:list|credits:arrears|credits:position|payments:initiate,accounts:balances|accounts:list|credits:arrears|credits:position,consent-notice-v3,sca-app,web,2026-03-01,2027-02-24,revocado,2026-03-06,institucion,no indicado,2.7,0
cns_00285,cus_synthetic_0267,tpp_005,bank_004,categorizacion de gastos,accounts:balances|accounts:list|accounts:transactions|credits:arrears|payments:initiate,accounts:balances|accounts:list|accounts:transactions|credits:arrears,consent-notice-v2,sca-app,movil,2026-01-30,2027-01-25,vigente,,,,4.4,0
cns_00286,cus_synthetic_0233,tpp_006,bank_002,comparador de credito,credits:arrears|credits:position|investments:position,credits:arrears|investments:position,consent-notice-v2,sca-biometria,movil,2026-05-11,2026-08-09,vigente,,,,1.8,0
cns_00287,cus_synthetic_0113,tpp_011,bank_005,panel de posicion consolidada,accounts:balances|accounts:list|payments:initiate,accounts:list|payments:initiate,consent-notice-v3,sca-otp,movil,2026-03-24,2027-03-19,vigente,,,,2.8,0
cns_00288,cus_synthetic_0281,tpp_001,bank_003,comparador de credito,accounts:balances|accounts:list|credits:arrears|credits:position|payments:initiate,accounts:balances|accounts:list|payments:initiate,consent-notice-v3,sca-biometria,web,2026-04-13,2027-04-08,revocado,2026-05-01,cliente,ya no lo uso,5.1,0
cns_00289,cus_synthetic_0298,tpp_012,bank_003,panel de posicion consolidada,accounts:transactions|credits:arrears|investments:position|payments:initiate,credits:arrears|investments:position|payments:initiate,consent-notice-v2,sca-app,movil,2026-06-29,2027-06-24,vigente,,,,0.8,0
cns_00290,cus_synthetic_0188,tpp_006,bank_001,categorizacion de gastos,accounts:list|accounts:transactions|credits:position|payments:initiate,accounts:list|payments:initiate,consent-notice-v2,sca-otp,web,2026-02-16,2027-02-11,vigente,,,,4.4,0
cns_00291,cus_synthetic_0081,tpp_007,bank_003,salud financiera,accounts:transactions|investments:position,accounts:transactions,consent-notice-v3,sca-biometria,web,2026-03-05,2026-09-01,vigente,,,,2.6,0
cns_00292,cus_synthetic_0146,tpp_003,bank_002,categorizacion de gastos,accounts:transactions|credits:arrears|payments:initiate,accounts:transactions|credits:arrears|payments:initiate,consent-notice-v2,sca-app,movil,2026-03-25,2027-03-20,vigente,,,,0.7,0
cns_00293,cus_synthetic_0054,tpp_008,bank_004,iniciacion de pago unico,accounts:balances|accounts:list|credits:arrears|credits:position,accounts:balances|credits:arrears,consent-notice-v2,sca-otp,movil,2026-02-05,2027-01-31,vigente,,,,3.4,0
cns_00294,cus_synthetic_0207,tpp_010,bank_004,categorizacion de gastos,accounts:balances|accounts:transactions,accounts:transactions,consent-notice-v3,sca-biometria,movil,2026-05-14,2026-08-12,vigente,,,,1.3,0
cns_00295,cus_synthetic_0354,tpp_011,bank_002,salud financiera,accounts:balances|accounts:list|credits:arrears|investments:position|payments:initiate,accounts:balances|investments:position|payments:initiate,consent-notice-v3,sca-biometria,movil,2026-02-17,2026-08-16,expirado,,,,0.6,0
cns_00296,cus_synthetic_0105,tpp_011,bank_003,iniciacion de pago unico,accounts:list|payments:initiate,accounts:list,consent-notice-v3,sca-otp,movil,2026-02-27,2027-02-22,vigente,,,,3.3,0
cns_00297,cus_synthetic_0317,tpp_011,bank_003,iniciacion de pago unico,accounts:balances|accounts:transactions|credits:arrears|credits:position|investments:position,accounts:balances|credits:arrears|credits:position|investments:position,consent-notice-v3,sca-app,movil,2026-04-18,2027-04-13,vigente,,,,5.1,0
cns_00298,cus_synthetic_0022,tpp_003,bank_005,iniciacion de pago unico,accounts:balances|credits:arrears|credits:position|payments:initiate,accounts:balances|payments:initiate,consent-notice-v2,sca-biometria,movil,2026-03-15,2027-03-10,vigente,,,,5.6,0
cns_00299,cus_synthetic_0291,tpp_012,bank_005,iniciacion de pago unico,accounts:balances|credits:arrears|investments:position,accounts:balances|credits:arrears,consent-notice-v2,sca-biometria,web,2026-04-28,2027-04-23,expirado,,,,1.5,0
cns_00300,cus_synthetic_0179,tpp_005,bank_002,panel de posicion consolidada,investments:position|payments:initiate,investments:position,consent-notice-v3,sca-app,web,2026-04-20,2026-10-17,revocado,2026-04-30,institucion,ya no lo uso,0.9,0
cns_00301,cus_synthetic_0186,tpp_012,bank_004,iniciacion de pago unico,accounts:balances|accounts:transactions|credits:position|payments:initiate,accounts:balances|payments:initiate,consent-notice-v2,sca-otp,movil,2026-06-16,2027-06-11,vigente,,,,3.4,1
cns_00302,cus_synthetic_0084,tpp_005,bank_004,iniciacion de pago unico,accounts:list|credits:arrears|credits:position,accounts:list,consent-notice-v3,sca-app,web,2026-06-10,2027-06-05,vigente,,,,2.5,0
cns_00303,cus_synthetic_0099,tpp_012,bank_003,comparador de credito,accounts:balances|accounts:transactions|credits:arrears|investments:position|payments:initiate,accounts:balances|accounts:transactions|credits:arrears|payments:initiate,consent-notice-v2,sca-otp,web,2026-01-20,2026-04-20,expirado,,,,4.9,0
cns_00304,cus_synthetic_0372,tpp_011,bank_005,iniciacion de pago unico,accounts:balances|accounts:list|accounts:transactions|payments:initiate,accounts:list|accounts:transactions,consent-notice-v3,sca-otp,web,2026-03-15,2027-03-10,rechazado,,,,2.5,0
cns_00305,cus_synthetic_0038,tpp_011,bank_001,categorizacion de gastos,accounts:balances|credits:arrears|credits:position|payments:initiate,accounts:balances|credits:arrears|credits:position,consent-notice-v3,sca-app,web,2026-04-21,2027-04-16,vigente,,,,4.9,0
cns_00306,cus_synthetic_0195,tpp_011,bank_002,salud financiera,accounts:balances|investments:position|payments:initiate,investments:position,consent-notice-v2,sca-biometria,movil,2026-06-17,2026-12-14,vigente,,,,1.5,0
cns_00307,cus_synthetic_0190,tpp_007,bank_003,categorizacion de gastos,accounts:transactions|credits:arrears|investments:position|payments:initiate,accounts:transactions|credits:arrears,consent-notice-v3,sca-biometria,web,2026-03-07,2027-03-02,vigente,,,,1.3,0
cns_00308,cus_synthetic_0142,tpp_006,bank_001,salud financiera,accounts:balances|credits:arrears,accounts:balances|credits:arrears,consent-notice-v3,sca-biometria,movil,2026-06-30,2026-09-28,vigente,,,,2.5,0
cns_00309,cus_synthetic_0101,tpp_005,bank_003,panel de posicion consolidada,accounts:list|accounts:transactions|credits:position,accounts:list,consent-notice-v3,sca-otp,web,2026-05-06,2026-08-04,vigente,,,,1.8,0
cns_00310,cus_synthetic_0238,tpp_012,bank_005,categorizacion de gastos,accounts:balances|accounts:transactions|credits:position,accounts:balances|accounts:transactions|credits:position,consent-notice-v3,sca-app,movil,2026-03-27,2027-03-22,revocado,2026-03-31,cliente,cambio de aplicacion,1.3,0
cns_00311,cus_synthetic_0334,tpp_001,bank_005,salud financiera,accounts:balances|accounts:list|credits:arrears,accounts:balances|accounts:list|credits:arrears,consent-notice-v3,sca-app,movil,2026-03-15,2027-03-10,revocado,2026-03-19,cliente,cese de la relacion,1.6,0
cns_00312,cus_synthetic_0039,tpp_001,bank_003,comparador de credito,accounts:balances|accounts:transactions|investments:position|payments:initiate,accounts:balances|accounts:transactions|investments:position|payments:initiate,consent-notice-v3,sca-biometria,movil,2026-03-29,2027-03-24,vigente,,,,2.0,0
cns_00313,cus_synthetic_0166,tpp_012,bank_004,comparador de credito,accounts:balances|accounts:list|accounts:transactions|credits:arrears|credits:position|investments:position,accounts:balances|accounts:list|credits:arrears|investments:position,consent-notice-v2,sca-app,movil,2026-04-03,2027-03-29,vigente,,,,1.2,0
cns_00314,cus_synthetic_0071,tpp_011,bank_002,panel de posicion consolidada,accounts:balances|accounts:transactions,accounts:balances|accounts:transactions,consent-notice-v3,sca-biometria,movil,2026-05-19,2027-05-14,vigente,,,,0.9,0
cns_00315,cus_synthetic_0143,tpp_005,bank_003,salud financiera,accounts:balances|accounts:transactions|credits:arrears|investments:position|payments:initiate,accounts:balances|accounts:transactions|investments:position|payments:initiate,consent-notice-v3,sca-biometria,movil,2026-04-15,2026-10-12,revocado,2026-04-20,institucion,no indicado,4.4,0
cns_00316,cus_synthetic_0195,tpp_001,bank_005,salud financiera,accounts:balances|accounts:list|credits:arrears|credits:position|investments:position,accounts:balances|accounts:list|investments:position,consent-notice-v3,sca-app,web,2026-05-20,2027-05-15,vigente,,,,5.6,0
cns_00317,cus_synthetic_0098,tpp_012,bank_001,categorizacion de gastos,investments:position,investments:position,consent-notice-v3,sca-biometria,movil,2026-01-22,2026-04-22,vigente,,,,2.4,0
cns_00318,cus_synthetic_0153,tpp_002,bank_003,comparador de credito,accounts:balances|accounts:list|accounts:transactions,accounts:balances|accounts:list|accounts:transactions,consent-notice-v3,sca-otp,movil,2026-03-24,2027-03-19,vigente,,,,2.7,0
cns_00319,cus_synthetic_0067,tpp_011,bank_005,salud financiera,accounts:list|investments:position,accounts:list|investments:position,consent-notice-v2,sca-otp,web,2026-03-16,2026-09-12,vigente,,,,4.4,0
cns_00320,cus_synthetic_0092,tpp_009,bank_005,iniciacion de pago unico,accounts:list|credits:arrears|credits:position|investments:position|payments:initiate,accounts:list|credits:arrears|investments:position|payments:initiate,consent-notice-v3,sca-otp,movil,2026-01-31,2027-01-26,rechazado,,,,7.5,0
cns_00321,cus_synthetic_0244,tpp_006,bank_003,comparador de credito,accounts:list|accounts:transactions|credits:arrears|credits:position,accounts:transactions|credits:arrears,consent-notice-v3,sca-biometria,movil,2026-06-18,2026-09-16,vigente,,,,5.6,0
cns_00322,cus_synthetic_0119,tpp_004,bank_001,comparador de credito,accounts:transactions|credits:arrears|investments:position,accounts:transactions|credits:arrears|investments:position,consent-notice-v2,sca-app,web,2026-03-26,2027-03-21,vigente,,,,3.4,0
cns_00323,cus_synthetic_0280,tpp_004,bank_002,salud financiera,accounts:balances|accounts:list|credits:arrears|credits:position|investments:position,accounts:balances|accounts:list|credits:arrears|investments:position,consent-notice-v2,sca-app,movil,2026-06-11,2027-06-06,vigente,,,,2.3,0
cns_00324,cus_synthetic_0202,tpp_012,bank_004,panel de posicion consolidada,accounts:balances|accounts:list|credits:arrears|credits:position|payments:initiate,accounts:balances|accounts:list|payments:initiate,consent-notice-v3,sca-otp,movil,2026-02-14,2026-05-15,vigente,,,,7.3,0
cns_00325,cus_synthetic_0153,tpp_010,bank_001,salud financiera,investments:position,investments:position,consent-notice-v2,sca-biometria,web,2026-05-21,2026-11-17,expirado,,,,2.5,0
cns_00326,cus_synthetic_0288,tpp_009,bank_002,panel de posicion consolidada,accounts:balances|accounts:transactions|credits:position,accounts:balances,consent-notice-v2,sca-biometria,web,2026-01-18,2026-04-18,revocado,2026-01-24,institucion,ya no lo uso,3.3,0
cns_00327,cus_synthetic_0032,tpp_011,bank_002,categorizacion de gastos,accounts:list|investments:position|payments:initiate,accounts:list|investments:position|payments:initiate,consent-notice-v2,sca-otp,movil,2026-02-02,2026-05-03,revocado,2026-03-09,institucion,no indicado,2.9,0
cns_00328,cus_synthetic_0379,tpp_003,bank_003,categorizacion de gastos,accounts:balances|accounts:list|credits:position,accounts:list,consent-notice-v2,sca-otp,web,2026-01-30,2027-01-25,vigente,,,,5.1,0
cns_00329,cus_synthetic_0048,tpp_005,bank_003,iniciacion de pago unico,accounts:transactions|credits:position,accounts:transactions|credits:position,consent-notice-v3,sca-biometria,movil,2026-05-26,2027-05-21,vigente,,,,2.0,0
cns_00330,cus_synthetic_0054,tpp_002,bank_005,iniciacion de pago unico,accounts:balances|accounts:list|payments:initiate,accounts:balances|accounts:list,consent-notice-v3,sca-biometria,web,2026-02-25,2026-05-26,vigente,,,,5.1,0
cns_00331,cus_synthetic_0073,tpp_011,bank_002,comparador de credito,accounts:balances|accounts:list|accounts:transactions|payments:initiate,accounts:balances|accounts:list|accounts:transactions|payments:initiate,consent-notice-v2,sca-otp,web,2026-04-26,2026-10-23,revocado,2026-04-27,cliente,cambio de aplicacion,4.7,0
cns_00332,cus_synthetic_0372,tpp_008,bank_005,panel de posicion consolidada,accounts:balances|credits:arrears|credits:position,accounts:balances|credits:arrears|credits:position,consent-notice-v3,sca-biometria,movil,2026-03-26,2027-03-21,vigente,,,,3.4,0
cns_00333,cus_synthetic_0020,tpp_007,bank_003,categorizacion de gastos,accounts:balances|accounts:list|payments:initiate,accounts:list|payments:initiate,consent-notice-v2,sca-biometria,web,2026-06-17,2027-06-12,vigente,,,,4.3,0
cns_00334,cus_synthetic_0167,tpp_008,bank_004,iniciacion de pago unico,accounts:list|investments:position|payments:initiate,accounts:list,consent-notice-v2,sca-biometria,web,2026-05-26,2027-05-21,rechazado,,,,7.4,0
cns_00335,cus_synthetic_0298,tpp_001,bank_004,panel de posicion consolidada,accounts:list|credits:arrears|credits:position,accounts:list|credits:arrears|credits:position,consent-notice-v3,sca-otp,movil,2026-04-07,2026-10-04,expirado,,,,1.3,0
cns_00336,cus_synthetic_0394,tpp_004,bank_003,salud financiera,accounts:balances|accounts:transactions|credits:arrears|investments:position|payments:initiate,accounts:balances|accounts:transactions|credits:arrears|investments:position,consent-notice-v2,sca-biometria,web,2026-01-17,2027-01-12,vigente,,,,0.5,0
cns_00337,cus_synthetic_0337,tpp_003,bank_005,salud financiera,accounts:balances|accounts:transactions|investments:position,accounts:balances|accounts:transactions|investments:position,consent-notice-v2,sca-biometria,web,2026-06-02,2027-05-28,vigente,,,,1.6,0
cns_00338,cus_synthetic_0289,tpp_005,bank_002,categorizacion de gastos,accounts:balances|credits:arrears|payments:initiate,credits:arrears|payments:initiate,consent-notice-v2,sca-app,web,2026-03-08,2026-06-06,vigente,,,,1.9,0
cns_00339,cus_synthetic_0065,tpp_011,bank_005,iniciacion de pago unico,credits:arrears|payments:initiate,payments:initiate,consent-notice-v3,sca-biometria,movil,2026-02-05,2027-01-31,vigente,,,,2.8,0
cns_00340,cus_synthetic_0058,tpp_006,bank_005,categorizacion de gastos,accounts:balances|accounts:transactions|credits:arrears|investments:position,credits:arrears|investments:position,consent-notice-v2,sca-app,web,2026-05-02,2026-10-29,vigente,,,,2.0,0
cns_00341,cus_synthetic_0210,tpp_010,bank_004,iniciacion de pago unico,accounts:balances|accounts:transactions|payments:initiate,accounts:balances|accounts:transactions|payments:initiate,consent-notice-v2,sca-otp,movil,2026-03-15,2027-03-10,rechazado,,,,3.6,0
cns_00342,cus_synthetic_0387,tpp_005,bank_004,panel de posicion consolidada,accounts:balances|accounts:list|accounts:transactions|credits:position|payments:initiate,accounts:balances|accounts:transactions|credits:position,consent-notice-v3,sca-biometria,movil,2026-03-24,2027-03-19,vigente,,,,4.5,0
cns_00343,cus_synthetic_0117,tpp_010,bank_002,iniciacion de pago unico,accounts:list|accounts:transactions|credits:arrears|investments:position|payments:initiate,accounts:transactions|credits:arrears|investments:position|payments:initiate,consent-notice-v2,sca-app,web,2026-04-19,2027-04-14,revocado,2026-05-04,cliente,ya no lo uso,9.2,0
cns_00344,cus_synthetic_0028,tpp_002,bank_005,salud financiera,accounts:balances|accounts:list|accounts:transactions|credits:arrears|investments:position,accounts:balances|credits:arrears|investments:position,consent-notice-v2,sca-otp,movil,2026-02-08,2026-05-09,revocado,2026-03-30,cliente,no reconozco al proveedor,3.8,0
cns_00345,cus_synthetic_0248,tpp_005,bank_002,panel de posicion consolidada,accounts:balances|accounts:list|accounts:transactions,accounts:transactions,consent-notice-v3,sca-otp,web,2026-07-03,2027-06-28,vigente,,,,3.0,0
cns_00346,cus_synthetic_0025,tpp_007,bank_002,salud financiera,accounts:transactions|credits:arrears,accounts:transactions|credits:arrears,consent-notice-v2,sca-app,movil,2026-05-11,2027-05-06,vigente,,,,1.6,0
cns_00347,cus_synthetic_0073,tpp_009,bank_001,iniciacion de pago unico,accounts:list|accounts:transactions|credits:position|investments:position,accounts:transactions|investments:position,consent-notice-v2,sca-app,web,2026-02-08,2027-02-03,revocado,2026-02-14,cliente,cese de la relacion,4.1,0
cns_00348,cus_synthetic_0361,tpp_003,bank_001,iniciacion de pago unico,accounts:balances|payments:initiate,accounts:balances|payments:initiate,consent-notice-v2,sca-biometria,web,2026-02-28,2027-02-23,rechazado,,,,4.4,0
cns_00349,cus_synthetic_0161,tpp_007,bank_005,comparador de credito,accounts:balances|credits:position,accounts:balances|credits:position,consent-notice-v3,sca-app,movil,2026-03-11,2026-09-07,vigente,,,,2.4,0
cns_00350,cus_synthetic_0123,tpp_003,bank_004,categorizacion de gastos,accounts:balances|accounts:list|accounts:transactions|credits:arrears|credits:position|payments:initiate,accounts:transactions|credits:arrears|credits:position|payments:initiate,consent-notice-v2,sca-otp,movil,2026-06-23,2027-06-18,vigente,,,,2.4,0
cns_00351,cus_synthetic_0399,tpp_010,bank_005,comparador de credito,accounts:balances|accounts:list|accounts:transactions|payments:initiate,accounts:balances|accounts:list|payments:initiate,consent-notice-v2,sca-biometria,web,2026-03-19,2027-03-14,vigente,,,,6.4,0
cns_00352,cus_synthetic_0039,tpp_009,bank_003,iniciacion de pago unico,accounts:balances|accounts:list|accounts:transactions|credits:position|investments:position|payments:initiate,accounts:balances|accounts:list|credits:position|payments:initiate,consent-notice-v3,sca-otp,movil,2026-01-25,2026-04-25,vigente,,,,4.1,0
cns_00353,cus_synthetic_0194,tpp_009,bank_004,comparador de credito,accounts:list|credits:arrears|credits:position,accounts:list|credits:arrears,consent-notice-v2,sca-app,web,2026-03-06,2027-03-01,vigente,,,,0.9,0
cns_00354,cus_synthetic_0181,tpp_001,bank_001,panel de posicion consolidada,accounts:balances|accounts:list|accounts:transactions|credits:arrears|investments:position|payments:initiate,accounts:balances|accounts:list|investments:position|payments:initiate,consent-notice-v2,sca-biometria,web,2026-05-24,2026-08-22,vigente,,,,4.4,0
cns_00355,cus_synthetic_0213,tpp_006,bank_005,panel de posicion consolidada,accounts:balances|accounts:list|credits:arrears|credits:position|investments:position|payments:initiate,accounts:balances|accounts:list|investments:position|payments:initiate,consent-notice-v3,sca-biometria,web,2026-05-04,2026-08-02,vigente,,,,1.4,0
cns_00356,cus_synthetic_0037,tpp_009,bank_004,comparador de credito,accounts:balances|accounts:list|investments:position,accounts:balances,consent-notice-v3,sca-biometria,web,2026-02-24,2026-05-25,rechazado,,,,2.7,0
cns_00357,cus_synthetic_0160,tpp_003,bank_002,panel de posicion consolidada,credits:arrears,credits:arrears,consent-notice-v2,sca-app,web,2026-02-24,2027-02-19,expirado,,,,1.4,0
cns_00358,cus_synthetic_0278,tpp_008,bank_002,iniciacion de pago unico,accounts:balances|accounts:list|payments:initiate,accounts:list,consent-notice-v3,sca-app,movil,2026-01-21,2027-01-16,vigente,,,,2.4,0
cns_00359,cus_synthetic_0266,tpp_007,bank_004,salud financiera,accounts:list|credits:position|investments:position|payments:initiate,accounts:list|credits:position|investments:position|payments:initiate,consent-notice-v3,sca-app,web,2026-04-16,2027-04-11,vigente,,,,1.1,0
cns_00360,cus_synthetic_0389,tpp_008,bank_002,comparador de credito,accounts:transactions|investments:position,accounts:transactions|investments:position,consent-notice-v3,sca-biometria,movil,2026-03-04,2026-08-31,expirado,,,,3.6,0
cns_00361,cus_synthetic_0157,tpp_004,bank_005,categorizacion de gastos,accounts:balances|accounts:transactions|credits:arrears|payments:initiate,accounts:balances|accounts:transactions|credits:arrears|payments:initiate,consent-notice-v3,sca-otp,movil,2026-02-08,2026-05-09,expirado,,,,1.6,0
cns_00362,cus_synthetic_0224,tpp_003,bank_002,salud financiera,accounts:list|credits:position|payments:initiate,credits:position|payments:initiate,consent-notice-v3,sca-otp,movil,2026-01-07,2027-01-02,vigente,,,,2.7,0
cns_00363,cus_synthetic_0076,tpp_006,bank_005,panel de posicion consolidada,accounts:transactions|credits:position,accounts:transactions,consent-notice-v2,sca-biometria,web,2026-04-15,2027-04-10,rechazado,,,,3.8,0
cns_00364,cus_synthetic_0077,tpp_006,bank_004,categorizacion de gastos,accounts:list|credits:position,credits:position,consent-notice-v2,sca-app,web,2026-02-28,2026-05-29,vigente,,,,2.8,0
cns_00365,cus_synthetic_0153,tpp_007,bank_002,iniciacion de pago unico,accounts:list|accounts:transactions|credits:arrears|credits:position|investments:position|payments:initiate,accounts:list|accounts:transactions|credits:position|investments:position,consent-notice-v2,sca-otp,web,2026-03-16,2027-03-11,vigente,,,,1.1,0
cns_00366,cus_synthetic_0012,tpp_004,bank_001,iniciacion de pago unico,accounts:balances|accounts:transactions|credits:arrears|investments:position|payments:initiate,accounts:balances|accounts:transactions|credits:arrears,consent-notice-v2,sca-otp,movil,2026-04-11,2026-07-10,rechazado,,,,3.7,0
cns_00367,cus_synthetic_0255,tpp_009,bank_003,categorizacion de gastos,accounts:balances|accounts:list|accounts:transactions|credits:position|payments:initiate,accounts:balances|accounts:list|credits:position|payments:initiate,consent-notice-v3,sca-otp,web,2026-03-02,2027-02-25,vigente,,,,1.2,0
cns_00368,cus_synthetic_0169,tpp_010,bank_005,comparador de credito,accounts:list|credits:arrears|credits:position|investments:position,accounts:list|credits:arrears|credits:position,consent-notice-v2,sca-app,movil,2026-04-04,2026-10-01,revocado,2026-04-11,cliente,cese de la relacion,2.6,0
cns_00369,cus_synthetic_0345,tpp_004,bank_003,categorizacion de gastos,accounts:balances|accounts:list|credits:arrears|credits:position,accounts:list|credits:arrears,consent-notice-v3,sca-otp,movil,2026-06-28,2026-09-26,vigente,,,,0.7,0
cns_00370,cus_synthetic_0052,tpp_006,bank_003,iniciacion de pago unico,accounts:balances|accounts:transactions,accounts:transactions,consent-notice-v2,sca-app,movil,2026-03-25,2027-03-20,revocado,2026-04-11,cliente,cese de la relacion,6.4,0
cns_00371,cus_synthetic_0169,tpp_005,bank_005,comparador de credito,accounts:balances|accounts:transactions|credits:position|investments:position,accounts:balances|accounts:transactions,consent-notice-v2,sca-biometria,web,2026-05-22,2026-11-18,vigente,,,,4.7,0
cns_00372,cus_synthetic_0326,tpp_002,bank_002,panel de posicion consolidada,accounts:balances|accounts:list|credits:position,accounts:balances|accounts:list|credits:position,consent-notice-v3,sca-app,movil,2026-04-03,2027-03-29,revocado,2026-04-10,cliente,ya no lo uso,3.8,0
cns_00373,cus_synthetic_0340,tpp_011,bank_004,categorizacion de gastos,accounts:balances|credits:arrears|investments:position,accounts:balances,consent-notice-v2,sca-app,web,2026-01-09,2026-07-08,vigente,,,,2.3,0
cns_00374,cus_synthetic_0151,tpp_005,bank_003,panel de posicion consolidada,accounts:balances|accounts:list|accounts:transactions|credits:arrears|credits:position|investments:position,accounts:balances|accounts:list|credits:arrears|credits:position,consent-notice-v3,sca-biometria,web,2026-05-29,2027-05-24,revocado,2026-06-05,institucion,cambio de aplicacion,2.6,0
cns_00375,cus_synthetic_0281,tpp_009,bank_001,comparador de credito,accounts:list|investments:position|payments:initiate,payments:initiate,consent-notice-v2,sca-otp,movil,2026-05-05,2026-11-01,rechazado,,,,1.4,0
cns_00376,cus_synthetic_0398,tpp_007,bank_003,salud financiera,accounts:list|accounts:transactions,accounts:list|accounts:transactions,consent-notice-v3,sca-biometria,movil,2026-01-12,2027-01-07,vigente,,,,2.2,0
cns_00377,cus_synthetic_0006,tpp_009,bank_003,salud financiera,accounts:balances|accounts:list|credits:position|payments:initiate,credits:position|payments:initiate,consent-notice-v2,sca-app,movil,2026-07-03,2026-12-30,vigente,,,,1.5,0
cns_00378,cus_synthetic_0184,tpp_003,bank_004,salud financiera,accounts:list|credits:arrears|credits:position|investments:position,accounts:list|credits:position|investments:position,consent-notice-v2,sca-app,movil,2026-03-19,2027-03-14,rechazado,,,,3.9,0
cns_00379,cus_synthetic_0108,tpp_001,bank_001,iniciacion de pago unico,accounts:transactions|credits:arrears|credits:position,accounts:transactions|credits:arrears|credits:position,consent-notice-v2,sca-app,movil,2026-01-28,2027-01-23,vigente,,,,4.7,0
cns_00380,cus_synthetic_0386,tpp_008,bank_001,comparador de credito,accounts:list|credits:arrears,accounts:list,consent-notice-v3,sca-otp,movil,2026-03-02,2027-02-25,vigente,,,,2.7,0
cns_00381,cus_synthetic_0308,tpp_006,bank_003,comparador de credito,accounts:list|credits:arrears|payments:initiate,accounts:list|credits:arrears|payments:initiate,consent-notice-v2,sca-otp,movil,2026-02-16,2027-02-11,revocado,2026-04-22,cliente,cese de la relacion,7.2,0
cns_00382,cus_synthetic_0287,tpp_007,bank_004,salud financiera,accounts:balances|accounts:list|credits:arrears|credits:position|payments:initiate,accounts:balances|accounts:list|credits:arrears|payments:initiate,consent-notice-v2,sca-biometria,web,2026-05-14,2027-05-09,vigente,,,,1.6,0
cns_00383,cus_synthetic_0138,tpp_010,bank_002,comparador de credito,accounts:balances|accounts:transactions|credits:position|investments:position,accounts:balances|accounts:transactions|credits:position|investments:position,consent-notice-v2,sca-otp,movil,2026-02-27,2027-02-22,expirado,,,,0.8,0
cns_00384,cus_synthetic_0252,tpp_009,bank_002,categorizacion de gastos,accounts:list|accounts:transactions|investments:position|payments:initiate,accounts:transactions|investments:position|payments:initiate,consent-notice-v3,sca-app,movil,2026-05-27,2027-05-22,vigente,,,,2.5,0
cns_00385,cus_synthetic_0294,tpp_006,bank_002,iniciacion de pago unico,accounts:balances|accounts:transactions|credits:position|investments:position|payments:initiate,accounts:balances|credits:position|investments:position,consent-notice-v3,sca-biometria,movil,2026-04-08,2026-10-05,vigente,,,,1.5,0
cns_00386,cus_synthetic_0261,tpp_007,bank_001,iniciacion de pago unico,accounts:balances|accounts:list|credits:position|investments:position,accounts:balances|credits:position|investments:position,consent-notice-v3,sca-app,movil,2026-04-26,2026-07-25,revocado,2026-04-26,institucion,ya no lo uso,3.2,0
cns_00387,cus_synthetic_0106,tpp_002,bank_002,comparador de credito,accounts:balances|accounts:list|credits:arrears|credits:position|payments:initiate,accounts:balances|credits:arrears|credits:position,consent-notice-v2,sca-otp,movil,2026-02-21,2027-02-16,vigente,,,,1.8,0
cns_00388,cus_synthetic_0345,tpp_009,bank_002,salud financiera,accounts:list|accounts:transactions|credits:arrears|credits:position|investments:position|payments:initiate,accounts:list|accounts:transactions|credits:position|payments:initiate,consent-notice-v3,sca-otp,web,2026-03-05,2027-02-28,revocado,2026-03-12,institucion,no reconozco al proveedor,6.0,0
cns_00389,cus_synthetic_0142,tpp_008,bank_005,categorizacion de gastos,accounts:balances|accounts:list|accounts:transactions|investments:position,accounts:balances|accounts:list|investments:position,consent-notice-v2,sca-app,web,2026-06-04,2027-05-30,vigente,,,,1.7,0
cns_00390,cus_synthetic_0297,tpp_003,bank_003,salud financiera,credits:arrears|credits:position|investments:position|payments:initiate,credits:position|investments:position|payments:initiate,consent-notice-v2,sca-biometria,movil,2026-01-10,2027-01-05,rechazado,,,,5.5,0
cns_00391,cus_synthetic_0124,tpp_003,bank_001,comparador de credito,accounts:list|accounts:transactions|credits:arrears|credits:position|investments:position,accounts:list|credits:arrears|credits:position|investments:position,consent-notice-v2,sca-biometria,movil,2026-01-30,2026-04-30,revocado,2026-02-01,institucion,cese de la relacion,2.0,0
cns_00392,cus_synthetic_0380,tpp_003,bank_001,panel de posicion consolidada,accounts:balances|accounts:list|credits:position,accounts:balances|credits:position,consent-notice-v3,sca-biometria,web,2026-06-12,2026-12-09,vigente,,,,1.8,0
cns_00393,cus_synthetic_0137,tpp_002,bank_001,iniciacion de pago unico,accounts:transactions|credits:arrears|credits:position|investments:position|payments:initiate,accounts:transactions|credits:arrears|credits:position|investments:position,consent-notice-v2,sca-biometria,movil,2026-01-24,2026-04-24,revocado,2026-01-30,cliente,no indicado,1.9,0
cns_00394,cus_synthetic_0113,tpp_001,bank_001,salud financiera,accounts:transactions|credits:position|investments:position|payments:initiate,credits:position|investments:position,consent-notice-v3,sca-otp,movil,2026-04-14,2026-10-11,vigente,,,,4.9,0
cns_00395,cus_synthetic_0118,tpp_001,bank_005,categorizacion de gastos,accounts:balances|accounts:transactions|credits:arrears|credits:position,accounts:balances|accounts:transactions|credits:arrears,consent-notice-v3,sca-biometria,movil,2026-01-05,2026-12-31,revocado,2026-01-10,cliente,cambio de aplicacion,2.3,0
cns_00396,cus_synthetic_0381,tpp_008,bank_002,panel de posicion consolidada,accounts:list|accounts:transactions|payments:initiate,accounts:list|accounts:transactions|payments:initiate,consent-notice-v3,sca-otp,movil,2026-03-13,2027-03-08,expirado,,,,4.0,0
cns_00397,cus_synthetic_0371,tpp_009,bank_002,comparador de credito,accounts:balances|accounts:list,accounts:balances|accounts:list,consent-notice-v2,sca-biometria,movil,2026-05-21,2027-05-16,expirado,,,,2.9,0
cns_00398,cus_synthetic_0132,tpp_005,bank_002,panel de posicion consolidada,accounts:balances|credits:position|payments:initiate,accounts:balances|credits:position|payments:initiate,consent-notice-v2,sca-biometria,web,2026-05-13,2027-05-08,vigente,,,,1.9,1
cns_00399,cus_synthetic_0058,tpp_005,bank_003,salud financiera,accounts:list|accounts:transactions|payments:initiate,accounts:list|accounts:transactions|payments:initiate,consent-notice-v2,sca-otp,movil,2026-02-18,2027-02-13,revocado,2026-02-23,institucion,cese de la relacion,1.9,0
cns_00400,cus_synthetic_0381,tpp_003,bank_004,salud financiera,credits:arrears|credits:position|investments:position,credits:arrears|credits:position|investments:position,consent-notice-v2,sca-app,movil,2026-03-01,2027-02-24,vigente,,,,7.1,0
cns_00401,cus_synthetic_0169,tpp_003,bank_002,salud financiera,accounts:list|credits:arrears|investments:position|payments:initiate,accounts:list|investments:position|payments:initiate,consent-notice-v2,sca-app,web,2026-04-02,2027-03-28,vigente,,,,1.1,0
cns_00402,cus_synthetic_0104,tpp_011,bank_004,comparador de credito,accounts:transactions,accounts:transactions,consent-notice-v2,sca-biometria,movil,2026-03-04,2027-02-27,vigente,,,,1.7,0
cns_00403,cus_synthetic_0177,tpp_011,bank_002,panel de posicion consolidada,accounts:balances|accounts:transactions|credits:position|payments:initiate,accounts:balances|accounts:transactions|credits:position,consent-notice-v2,sca-otp,movil,2026-06-19,2027-06-14,vigente,,,,1.7,0
cns_00404,cus_synthetic_0321,tpp_012,bank_003,panel de posicion consolidada,accounts:list|accounts:transactions|credits:arrears|credits:position|investments:position,accounts:list|accounts:transactions|credits:arrears|credits:position,consent-notice-v3,sca-biometria,web,2026-05-22,2027-05-17,revocado,2026-05-23,cliente,cambio de aplicacion,3.2,0
cns_00405,cus_synthetic_0238,tpp_005,bank_004,categorizacion de gastos,accounts:balances|accounts:transactions|credits:arrears|credits:position,accounts:balances|accounts:transactions|credits:position,consent-notice-v3,sca-otp,movil,2026-02-19,2026-05-20,revocado,2026-02-21,cliente,ya no lo uso,1.5,0
cns_00406,cus_synthetic_0022,tpp_004,bank_001,salud financiera,accounts:balances|accounts:list|credits:arrears|credits:position|investments:position,accounts:balances|accounts:list|credits:arrears,consent-notice-v3,sca-otp,movil,2026-07-01,2026-09-29,vigente,,,,3.8,0
cns_00407,cus_synthetic_0150,tpp_005,bank_004,panel de posicion consolidada,accounts:transactions|investments:position|payments:initiate,accounts:transactions|investments:position,consent-notice-v2,sca-otp,movil,2026-03-10,2027-03-05,revocado,2026-05-27,cliente,no indicado,0.7,0
cns_00408,cus_synthetic_0020,tpp_003,bank_003,salud financiera,accounts:list|credits:arrears|credits:position|payments:initiate,credits:arrears|credits:position|payments:initiate,consent-notice-v2,sca-otp,web,2026-06-18,2026-12-15,vigente,,,,1.5,0
cns_00409,cus_synthetic_0259,tpp_010,bank_002,iniciacion de pago unico,accounts:balances|accounts:list|credits:position|payments:initiate,accounts:balances|accounts:list|payments:initiate,consent-notice-v3,sca-biometria,web,2026-06-09,2027-06-04,vigente,,,,2.7,0
cns_00410,cus_synthetic_0263,tpp_008,bank_004,categorizacion de gastos,accounts:balances|credits:position,accounts:balances|credits:position,consent-notice-v3,sca-app,movil,2026-03-09,2026-06-07,revocado,2026-03-09,cliente,ya no lo uso,2.9,0
cns_00411,cus_synthetic_0088,tpp_006,bank_001,categorizacion de gastos,accounts:balances|accounts:list|accounts:transactions|investments:position,accounts:balances|accounts:list|investments:position,consent-notice-v3,sca-biometria,web,2026-01-26,2027-01-21,revocado,2026-02-12,cliente,ya no lo uso,4.3,1
cns_00412,cus_synthetic_0104,tpp_001,bank_002,panel de posicion consolidada,accounts:balances|accounts:list|credits:position,accounts:balances|accounts:list|credits:position,consent-notice-v3,sca-app,movil,2026-02-04,2027-01-30,vigente,,,,3.2,0
cns_00413,cus_synthetic_0013,tpp_009,bank_003,iniciacion de pago unico,accounts:balances|credits:arrears|investments:position,accounts:balances,consent-notice-v3,sca-app,movil,2026-03-12,2027-03-07,expirado,,,,2.2,0
cns_00414,cus_synthetic_0249,tpp_010,bank_003,iniciacion de pago unico,accounts:balances|accounts:transactions|credits:arrears|investments:position,accounts:balances|accounts:transactions|credits:arrears|investments:position,consent-notice-v2,sca-otp,movil,2026-01-24,2027-01-19,revocado,2026-01-28,cliente,no reconozco al proveedor,3.1,1
cns_00415,cus_synthetic_0381,tpp_009,bank_001,categorizacion de gastos,accounts:balances|accounts:transactions|credits:arrears|credits:position|investments:position|payments:initiate,accounts:transactions|credits:arrears|investments:position|payments:initiate,consent-notice-v2,sca-app,web,2026-06-28,2026-12-25,vigente,,,,3.0,0
cns_00416,cus_synthetic_0273,tpp_011,bank_001,comparador de credito,accounts:list|investments:position|payments:initiate,accounts:list|payments:initiate,consent-notice-v3,sca-app,movil,2026-03-28,2026-09-24,vigente,,,,2.3,0
cns_00417,cus_synthetic_0257,tpp_002,bank_003,categorizacion de gastos,accounts:balances|credits:arrears|investments:position,investments:position,consent-notice-v2,sca-otp,movil,2026-06-14,2027-06-09,vigente,,,,2.1,0
cns_00418,cus_synthetic_0104,tpp_006,bank_005,panel de posicion consolidada,accounts:balances|credits:position,accounts:balances,consent-notice-v3,sca-otp,web,2026-02-25,2027-02-20,vigente,,,,2.3,0
cns_00419,cus_synthetic_0175,tpp_005,bank_002,comparador de credito,accounts:balances|accounts:transactions|payments:initiate,accounts:transactions,consent-notice-v2,sca-biometria,movil,2026-04-13,2026-07-12,vigente,,,,2.3,0
cns_00420,cus_synthetic_0185,tpp_011,bank_005,salud financiera,accounts:balances|payments:initiate,accounts:balances|payments:initiate,consent-notice-v3,sca-app,web,2026-03-23,2026-06-21,revocado,2026-03-24,cliente,ya no lo uso,4.4,0
cns_00421,cus_synthetic_0353,tpp_003,bank_005,panel de posicion consolidada,accounts:balances|accounts:transactions|investments:position,accounts:balances|investments:position,consent-notice-v2,sca-biometria,movil,2026-03-06,2026-06-04,vigente,,,,1.1,0
cns_00422,cus_synthetic_0258,tpp_008,bank_005,comparador de credito,accounts:balances|accounts:list|accounts:transactions|credits:position|investments:position|payments:initiate,accounts:list|accounts:transactions|credits:position|payments:initiate,consent-notice-v2,sca-biometria,web,2026-02-11,2027-02-06,vigente,,,,2.2,1
cns_00423,cus_synthetic_0318,tpp_009,bank_005,comparador de credito,accounts:list|accounts:transactions|credits:arrears|credits:position,accounts:list|credits:arrears|credits:position,consent-notice-v2,sca-app,movil,2026-03-03,2027-02-26,vigente,,,,1.4,0
cns_00424,cus_synthetic_0392,tpp_005,bank_005,comparador de credito,accounts:balances|accounts:transactions|credits:arrears|investments:position,accounts:balances|accounts:transactions|investments:position,consent-notice-v2,sca-biometria,web,2026-04-09,2026-07-08,expirado,,,,2.4,0
cns_00425,cus_synthetic_0326,tpp_007,bank_002,salud financiera,accounts:balances|accounts:list|credits:arrears|investments:position,accounts:balances|accounts:list|credits:arrears,consent-notice-v3,sca-app,web,2026-01-20,2027-01-15,vigente,,,,4.2,0
cns_00426,cus_synthetic_0315,tpp_006,bank_001,categorizacion de gastos,credits:arrears|credits:position|payments:initiate,credits:arrears|payments:initiate,consent-notice-v2,sca-otp,movil,2026-01-25,2026-04-25,vigente,,,,2.6,0
cns_00427,cus_synthetic_0194,tpp_010,bank_004,salud financiera,investments:position|payments:initiate,investments:position,consent-notice-v3,sca-otp,web,2026-06-15,2027-06-10,vigente,,,,3.9,0
cns_00428,cus_synthetic_0133,tpp_012,bank_005,panel de posicion consolidada,accounts:list|payments:initiate,accounts:list,consent-notice-v2,sca-biometria,movil,2026-04-06,2027-04-01,vigente,,,,2.1,0
cns_00429,cus_synthetic_0325,tpp_009,bank_003,categorizacion de gastos,accounts:balances|accounts:transactions|credits:arrears|credits:position|investments:position|payments:initiate,accounts:transactions|credits:arrears|investments:position|payments:initiate,consent-notice-v3,sca-app,web,2026-04-14,2026-07-13,expirado,,,,3.2,0
cns_00430,cus_synthetic_0104,tpp_004,bank_001,iniciacion de pago unico,credits:arrears|investments:position,credits:arrears|investments:position,consent-notice-v3,sca-app,web,2026-05-19,2026-11-15,vigente,,,,6.6,0
cns_00431,cus_synthetic_0031,tpp_005,bank_004,categorizacion de gastos,accounts:transactions|credits:position|investments:position|payments:initiate,credits:position|investments:position,consent-notice-v3,sca-app,movil,2026-03-19,2027-03-14,vigente,,,,2.9,0
cns_00432,cus_synthetic_0400,tpp_003,bank_002,panel de posicion consolidada,accounts:list|accounts:transactions|credits:arrears|credits:position|investments:position,accounts:transactions|credits:arrears|investments:position,consent-notice-v2,sca-app,movil,2026-02-08,2026-08-07,vigente,,,,3.7,0
cns_00433,cus_synthetic_0396,tpp_001,bank_003,comparador de credito,accounts:transactions|credits:arrears|credits:position,credits:arrears|credits:position,consent-notice-v3,sca-otp,web,2026-02-07,2027-02-02,revocado,2026-02-11,cliente,ya no lo uso,2.0,0
cns_00434,cus_synthetic_0203,tpp_004,bank_001,comparador de credito,accounts:balances|accounts:transactions|credits:position|payments:initiate,accounts:balances|accounts:transactions|credits:position|payments:initiate,consent-notice-v3,sca-app,web,2026-04-14,2026-07-13,vigente,,,,1.3,0
cns_00435,cus_synthetic_0113,tpp_005,bank_002,panel de posicion consolidada,accounts:list|credits:arrears|payments:initiate,accounts:list|credits:arrears|payments:initiate,consent-notice-v2,sca-biometria,movil,2026-02-03,2026-08-02,expirado,,,,2.6,0
cns_00436,cus_synthetic_0018,tpp_011,bank_001,comparador de credito,credits:position,credits:position,consent-notice-v2,sca-app,web,2026-03-17,2026-09-13,vigente,,,,5.1,0
cns_00437,cus_synthetic_0320,tpp_010,bank_003,salud financiera,accounts:balances|accounts:list|accounts:transactions|credits:arrears|credits:position|payments:initiate,accounts:balances|accounts:list|accounts:transactions|payments:initiate,consent-notice-v3,sca-biometria,movil,2026-02-10,2026-05-11,expirado,,,,4.9,0
cns_00438,cus_synthetic_0205,tpp_009,bank_002,panel de posicion consolidada,accounts:balances|credits:arrears|credits:position|investments:position|payments:initiate,accounts:balances|investments:position|payments:initiate,consent-notice-v3,sca-otp,movil,2026-01-11,2026-07-10,revocado,2026-02-28,cliente,ya no lo uso,7.1,0
cns_00439,cus_synthetic_0284,tpp_006,bank_005,panel de posicion consolidada,accounts:list|credits:position|payments:initiate,accounts:list|payments:initiate,consent-notice-v3,sca-biometria,web,2026-02-07,2027-02-02,expirado,,,,2.6,0
cns_00440,cus_synthetic_0343,tpp_008,bank_004,panel de posicion consolidada,accounts:list|accounts:transactions|investments:position,accounts:list|accounts:transactions|investments:position,consent-notice-v3,sca-biometria,web,2026-06-27,2027-06-22,vigente,,,,1.3,0
cns_00441,cus_synthetic_0114,tpp_008,bank_005,salud financiera,accounts:list|accounts:transactions|credits:arrears|payments:initiate,accounts:list|accounts:transactions|credits:arrears|payments:initiate,consent-notice-v2,sca-biometria,movil,2026-03-17,2027-03-12,vigente,,,,2.3,0
cns_00442,cus_synthetic_0222,tpp_008,bank_002,salud financiera,accounts:balances,accounts:balances,consent-notice-v2,sca-biometria,web,2026-05-15,2027-05-10,revocado,2026-05-15,cliente,ya no lo uso,5.4,0
cns_00443,cus_synthetic_0143,tpp_007,bank_004,categorizacion de gastos,accounts:balances|accounts:transactions|credits:position|investments:position,accounts:transactions|investments:position,consent-notice-v2,sca-biometria,movil,2026-04-08,2027-04-03,vigente,,,,1.8,0
cns_00444,cus_synthetic_0259,tpp_009,bank_004,salud financiera,accounts:balances|accounts:list|payments:initiate,accounts:balances|accounts:list|payments:initiate,consent-notice-v2,sca-biometria,movil,2026-04-11,2027-04-06,vigente,,,,2.2,0
cns_00445,cus_synthetic_0193,tpp_012,bank_001,panel de posicion consolidada,accounts:balances|accounts:transactions|credits:position,accounts:balances|accounts:transactions,consent-notice-v2,sca-app,movil,2026-03-03,2027-02-26,rechazado,,,,5.5,0
cns_00446,cus_synthetic_0298,tpp_012,bank_002,comparador de credito,investments:position,investments:position,consent-notice-v2,sca-otp,movil,2026-05-05,2027-04-30,vigente,,,,1.7,0
cns_00447,cus_synthetic_0009,tpp_008,bank_004,panel de posicion consolidada,accounts:balances|accounts:list,accounts:list,consent-notice-v3,sca-app,web,2026-06-29,2026-09-27,vigente,,,,2.4,0
cns_00448,cus_synthetic_0160,tpp_006,bank_002,panel de posicion consolidada,accounts:balances|accounts:transactions,accounts:transactions,consent-notice-v3,sca-app,movil,2026-06-16,2027-06-11,vigente,,,,3.4,0
cns_00449,cus_synthetic_0015,tpp_010,bank_003,categorizacion de gastos,accounts:balances|investments:position|payments:initiate,payments:initiate,consent-notice-v2,sca-otp,web,2026-01-07,2027-01-02,vigente,,,,1.1,0
cns_00450,cus_synthetic_0249,tpp_009,bank_003,iniciacion de pago unico,accounts:balances|credits:arrears,accounts:balances|credits:arrears,consent-notice-v2,sca-otp,movil,2026-01-05,2026-07-04,vigente,,,,5.2,0
cns_00451,cus_synthetic_0237,tpp_005,bank_002,iniciacion de pago unico,accounts:list,accounts:list,consent-notice-v3,sca-app,movil,2026-03-28,2027-03-23,vigente,,,,3.2,0
cns_00452,cus_synthetic_0390,tpp_011,bank_001,categorizacion de gastos,accounts:balances|accounts:transactions|investments:position|payments:initiate,accounts:balances|accounts:transactions|investments:position,consent-notice-v3,sca-biometria,movil,2026-04-12,2026-07-11,vigente,,,,2.0,0
cns_00453,cus_synthetic_0031,tpp_009,bank_001,salud financiera,accounts:balances|accounts:list|accounts:transactions|credits:arrears|investments:position|payments:initiate,accounts:balances|accounts:transactions|credits:arrears|payments:initiate,consent-notice-v3,sca-biometria,web,2026-04-11,2027-04-06,vigente,,,,3.3,0
cns_00454,cus_synthetic_0354,tpp_004,bank_002,panel de posicion consolidada,accounts:balances|accounts:list|accounts:transactions|investments:position|payments:initiate,accounts:balances|accounts:transactions|investments:position|payments:initiate,consent-notice-v2,sca-biometria,movil,2026-03-05,2027-02-28,expirado,,,,3.0,0
cns_00455,cus_synthetic_0146,tpp_009,bank_005,panel de posicion consolidada,accounts:balances|accounts:list|accounts:transactions|credits:position,accounts:transactions|credits:position,consent-notice-v3,sca-biometria,web,2026-04-11,2027-04-06,revocado,2026-04-15,cliente,no indicado,1.5,0
cns_00456,cus_synthetic_0263,tpp_010,bank_002,iniciacion de pago unico,accounts:list|accounts:transactions|investments:position|payments:initiate,accounts:list|accounts:transactions|investments:position|payments:initiate,consent-notice-v3,sca-app,web,2026-04-08,2027-04-03,vigente,,,,4.6,0
cns_00457,cus_synthetic_0219,tpp_003,bank_005,panel de posicion consolidada,accounts:balances|accounts:transactions|investments:position|payments:initiate,accounts:balances|accounts:transactions|payments:initiate,consent-notice-v3,sca-otp,movil,2026-05-09,2027-05-04,vigente,,,,2.1,0
cns_00458,cus_synthetic_0031,tpp_012,bank_002,iniciacion de pago unico,accounts:list,accounts:list,consent-notice-v3,sca-otp,movil,2026-02-06,2026-08-05,vigente,,,,1.3,0
cns_00459,cus_synthetic_0328,tpp_008,bank_002,comparador de credito,accounts:list|accounts:transactions|investments:position|payments:initiate,accounts:list|accounts:transactions|investments:position|payments:initiate,consent-notice-v3,sca-app,web,2026-07-01,2027-06-26,vigente,,,,4.2,0
cns_00460,cus_synthetic_0268,tpp_007,bank_004,comparador de credito,accounts:list|accounts:transactions|credits:arrears|credits:position|investments:position|payments:initiate,accounts:transactions|credits:position|investments:position|payments:initiate,consent-notice-v3,sca-app,web,2026-05-27,2026-08-25,vigente,,,,3.3,0
cns_00461,cus_synthetic_0331,tpp_002,bank_004,iniciacion de pago unico,accounts:transactions|credits:position|investments:position|payments:initiate,credits:position|investments:position|payments:initiate,consent-notice-v3,sca-biometria,movil,2026-02-10,2027-02-05,vigente,,,,1.0,0
cns_00462,cus_synthetic_0320,tpp_002,bank_003,iniciacion de pago unico,accounts:balances|credits:arrears|investments:position,accounts:balances|credits:arrears|investments:position,consent-notice-v3,sca-biometria,web,2026-03-04,2027-02-27,vigente,,,,3.9,0
cns_00463,cus_synthetic_0051,tpp_003,bank_002,categorizacion de gastos,accounts:list|accounts:transactions|credits:arrears|credits:position|payments:initiate,accounts:list|accounts:transactions|credits:arrears|payments:initiate,consent-notice-v3,sca-app,web,2026-05-25,2027-05-20,vigente,,,,2.2,0
cns_00464,cus_synthetic_0095,tpp_004,bank_001,panel de posicion consolidada,accounts:transactions|credits:position,accounts:transactions|credits:position,consent-notice-v3,sca-biometria,web,2026-06-15,2026-12-12,vigente,,,,2.1,0
cns_00465,cus_synthetic_0385,tpp_003,bank_003,iniciacion de pago unico,accounts:balances|accounts:list|accounts:transactions|credits:arrears|payments:initiate,accounts:balances|accounts:transactions|payments:initiate,consent-notice-v2,sca-biometria,movil,2026-03-03,2026-08-30,rechazado,,,,1.5,0
cns_00466,cus_synthetic_0233,tpp_003,bank_002,panel de posicion consolidada,accounts:list,accounts:list,consent-notice-v3,sca-otp,web,2026-04-22,2027-04-17,vigente,,,,3.0,0
cns_00467,cus_synthetic_0282,tpp_003,bank_002,panel de posicion consolidada,accounts:balances|accounts:list|accounts:transactions,accounts:balances,consent-notice-v2,sca-app,web,2026-03-02,2026-05-31,expirado,,,,4.3,0
cns_00468,cus_synthetic_0172,tpp_001,bank_005,panel de posicion consolidada,accounts:balances|accounts:list|credits:arrears|credits:position|investments:position|payments:initiate,accounts:balances|credits:arrears|investments:position|payments:initiate,consent-notice-v2,sca-app,web,2026-02-02,2026-05-03,expirado,,,,2.1,0
cns_00469,cus_synthetic_0072,tpp_001,bank_003,salud financiera,accounts:transactions|investments:position|payments:initiate,accounts:transactions|investments:position|payments:initiate,consent-notice-v3,sca-biometria,web,2026-03-10,2026-06-08,rechazado,,,,3.4,0
cns_00470,cus_synthetic_0262,tpp_004,bank_003,comparador de credito,credits:arrears|credits:position,credits:arrears,consent-notice-v2,sca-biometria,web,2026-04-17,2027-04-12,vigente,,,,1.6,0
cns_00471,cus_synthetic_0148,tpp_002,bank_005,categorizacion de gastos,accounts:list|accounts:transactions|credits:arrears|credits:position,accounts:list|credits:arrears,consent-notice-v3,sca-biometria,movil,2026-04-12,2026-10-09,expirado,,,,6.2,0
cns_00472,cus_synthetic_0128,tpp_006,bank_002,comparador de credito,credits:position|investments:position|payments:initiate,credits:position|investments:position|payments:initiate,consent-notice-v2,sca-otp,web,2026-04-28,2027-04-23,revocado,2026-05-03,cliente,no indicado,1.3,0
cns_00473,cus_synthetic_0249,tpp_001,bank_003,panel de posicion consolidada,accounts:list|accounts:transactions|investments:position|payments:initiate,investments:position|payments:initiate,consent-notice-v3,sca-otp,movil,2026-04-14,2027-04-09,vigente,,,,2.9,0
cns_00474,cus_synthetic_0047,tpp_009,bank_003,comparador de credito,accounts:balances|credits:position,credits:position,consent-notice-v2,sca-biometria,web,2026-02-20,2026-08-19,revocado,2026-02-20,institucion,cambio de aplicacion,4.0,0
cns_00475,cus_synthetic_0098,tpp_007,bank_004,categorizacion de gastos,investments:position,investments:position,consent-notice-v3,sca-biometria,web,2026-05-26,2027-05-21,revocado,2026-05-31,institucion,cambio de aplicacion,2.3,0
cns_00476,cus_synthetic_0317,tpp_007,bank_004,comparador de credito,accounts:balances|accounts:transactions|credits:arrears|investments:position,accounts:transactions|credits:arrears,consent-notice-v3,sca-otp,web,2026-01-20,2026-07-19,vigente,,,,3.5,0
cns_00477,cus_synthetic_0370,tpp_009,bank_002,panel de posicion consolidada,accounts:balances|accounts:list|credits:arrears|credits:position|investments:position|payments:initiate,accounts:balances|credits:arrears|credits:position|payments:initiate,consent-notice-v2,sca-biometria,web,2026-03-19,2027-03-14,revocado,2026-03-20,cliente,cese de la relacion,7.8,0
cns_00478,cus_synthetic_0226,tpp_005,bank_002,panel de posicion consolidada,accounts:transactions|credits:position,credits:position,consent-notice-v2,sca-otp,web,2026-01-08,2026-07-07,vigente,,,,5.8,0
cns_00479,cus_synthetic_0326,tpp_006,bank_002,iniciacion de pago unico,credits:position|investments:position|payments:initiate,credits:position|investments:position|payments:initiate,consent-notice-v2,sca-app,movil,2026-06-03,2027-05-29,vigente,,,,1.6,0
cns_00480,cus_synthetic_0069,tpp_008,bank_005,iniciacion de pago unico,credits:position|investments:position,credits:position|investments:position,consent-notice-v2,sca-biometria,web,2026-01-28,2026-04-28,revocado,2026-02-02,cliente,cambio de aplicacion,3.5,0
cns_00481,cus_synthetic_0159,tpp_008,bank_001,iniciacion de pago unico,accounts:balances|accounts:transactions,accounts:balances|accounts:transactions,consent-notice-v2,sca-otp,movil,2026-07-03,2026-10-01,revocado,2026-07-22,cliente,ya no lo uso,2.4,0
cns_00482,cus_synthetic_0133,tpp_009,bank_005,categorizacion de gastos,accounts:balances|accounts:transactions,accounts:balances|accounts:transactions,consent-notice-v3,sca-app,web,2026-05-18,2027-05-13,rechazado,,,,2.9,0
cns_00483,cus_synthetic_0100,tpp_008,bank_003,categorizacion de gastos,accounts:list|accounts:transactions|credits:arrears|credits:position,accounts:transactions|credits:arrears,consent-notice-v2,sca-otp,movil,2026-04-07,2027-04-02,revocado,2026-04-08,institucion,no reconozco al proveedor,1.4,0
cns_00484,cus_synthetic_0008,tpp_010,bank_005,panel de posicion consolidada,accounts:balances|credits:position|investments:position,investments:position,consent-notice-v3,sca-biometria,movil,2026-03-23,2026-06-21,vigente,,,,2.3,0
cns_00485,cus_synthetic_0108,tpp_003,bank_003,panel de posicion consolidada,accounts:list,accounts:list,consent-notice-v2,sca-otp,movil,2026-06-27,2027-06-22,revocado,2026-07-02,cliente,no reconozco al proveedor,2.6,0
cns_00486,cus_synthetic_0018,tpp_009,bank_001,iniciacion de pago unico,accounts:balances|accounts:transactions|credits:arrears,accounts:transactions,consent-notice-v2,sca-otp,web,2026-01-13,2026-07-12,vigente,,,,2.9,0
cns_00487,cus_synthetic_0397,tpp_005,bank_001,panel de posicion consolidada,credits:position|investments:position,credits:position|investments:position,consent-notice-v2,sca-app,web,2026-04-24,2027-04-19,revocado,2026-07-01,institucion,cese de la relacion,5.2,0
cns_00488,cus_synthetic_0199,tpp_002,bank_004,categorizacion de gastos,accounts:balances|credits:position|investments:position,accounts:balances|credits:position|investments:position,consent-notice-v2,sca-otp,web,2026-06-06,2026-12-03,revocado,2026-06-08,cliente,ya no lo uso,4.8,0
cns_00489,cus_synthetic_0311,tpp_005,bank_003,comparador de credito,accounts:transactions|credits:position|payments:initiate,accounts:transactions|credits:position|payments:initiate,consent-notice-v3,sca-app,movil,2026-04-01,2027-03-27,revocado,2026-04-04,cliente,no reconozco al proveedor,3.0,0
cns_00490,cus_synthetic_0248,tpp_009,bank_005,iniciacion de pago unico,accounts:balances|payments:initiate,accounts:balances|payments:initiate,consent-notice-v3,sca-app,web,2026-05-21,2026-11-17,expirado,,,,2.4,0
cns_00491,cus_synthetic_0004,tpp_006,bank_001,panel de posicion consolidada,accounts:list|accounts:transactions|credits:arrears|credits:position,accounts:list|accounts:transactions|credits:arrears|credits:position,consent-notice-v3,sca-app,web,2026-05-29,2027-05-24,vigente,,,,4.3,0
cns_00492,cus_synthetic_0238,tpp_012,bank_001,salud financiera,accounts:list|accounts:transactions|credits:arrears|credits:position|investments:position,accounts:list|accounts:transactions|credits:arrears|credits:position,consent-notice-v3,sca-otp,movil,2026-01-22,2027-01-17,vigente,,,,0.4,0
cns_00493,cus_synthetic_0083,tpp_004,bank_003,salud financiera,accounts:balances|credits:arrears|investments:position,accounts:balances|credits:arrears|investments:position,consent-notice-v3,sca-app,movil,2026-05-15,2027-05-10,vigente,,,,3.0,0
cns_00494,cus_synthetic_0166,tpp_006,bank_003,panel de posicion consolidada,accounts:transactions,accounts:transactions,consent-notice-v2,sca-app,movil,2026-02-01,2027-01-27,revocado,2026-02-07,cliente,no indicado,8.2,0
cns_00495,cus_synthetic_0289,tpp_005,bank_003,categorizacion de gastos,accounts:balances|accounts:list|accounts:transactions|credits:arrears|credits:position|payments:initiate,accounts:balances|accounts:list|credits:arrears|credits:position,consent-notice-v2,sca-biometria,web,2026-05-15,2027-05-10,vigente,,,,2.8,0
cns_00496,cus_synthetic_0199,tpp_010,bank_001,categorizacion de gastos,accounts:list|accounts:transactions|credits:arrears|payments:initiate,accounts:list|accounts:transactions|credits:arrears,consent-notice-v3,sca-otp,movil,2026-02-11,2027-02-06,vigente,,,,3.7,0
cns_00497,cus_synthetic_0397,tpp_002,bank_004,categorizacion de gastos,accounts:list|payments:initiate,accounts:list,consent-notice-v2,sca-biometria,movil,2026-02-27,2026-05-28,vigente,,,,2.6,0
cns_00498,cus_synthetic_0157,tpp_009,bank_001,iniciacion de pago unico,accounts:transactions|credits:arrears|credits:position|investments:position,accounts:transactions|credits:arrears|credits:position|investments:position,consent-notice-v3,sca-otp,movil,2026-03-23,2027-03-18,expirado,,,,3.1,0
cns_00499,cus_synthetic_0198,tpp_005,bank_004,panel de posicion consolidada,accounts:balances|accounts:list|credits:position|investments:position,accounts:balances|accounts:list|credits:position|investments:position,consent-notice-v3,sca-biometria,web,2026-02-15,2026-05-16,revocado,2026-02-19,cliente,cambio de aplicacion,2.2,0
cns_00500,cus_synthetic_0128,tpp_002,bank_003,panel de posicion consolidada,credits:arrears|credits:position|payments:initiate,credits:arrears|credits:position|payments:initiate,consent-notice-v2,sca-biometria,movil,2026-02-09,2027-02-04,vigente,,,,2.0,0
cns_00501,cus_synthetic_0253,tpp_009,bank_003,salud financiera,accounts:transactions,accounts:transactions,consent-notice-v2,sca-otp,web,2026-04-22,2027-04-17,vigente,,,,1.6,0
cns_00502,cus_synthetic_0229,tpp_007,bank_005,iniciacion de pago unico,accounts:balances|accounts:list|accounts:transactions|credits:arrears|credits:position|payments:initiate,accounts:list|accounts:transactions|credits:arrears|payments:initiate,consent-notice-v3,sca-app,movil,2026-06-02,2026-08-31,revocado,2026-06-04,institucion,ya no lo uso,3.9,0
cns_00503,cus_synthetic_0243,tpp_011,bank_005,salud financiera,accounts:balances|accounts:transactions|credits:arrears|payments:initiate,credits:arrears|payments:initiate,consent-notice-v2,sca-app,movil,2026-05-09,2026-11-05,rechazado,,,,3.6,0
cns_00504,cus_synthetic_0130,tpp_008,bank_005,categorizacion de gastos,credits:arrears|credits:position|investments:position|payments:initiate,credits:arrears|credits:position|investments:position,consent-notice-v3,sca-app,movil,2026-02-10,2027-02-05,expirado,,,,0.7,1
cns_00505,cus_synthetic_0352,tpp_005,bank_004,iniciacion de pago unico,accounts:list|accounts:transactions|credits:arrears|investments:position|payments:initiate,accounts:list|accounts:transactions|investments:position,consent-notice-v3,sca-biometria,movil,2026-05-01,2026-07-30,revocado,2026-07-27,cliente,ya no lo uso,1.9,0
cns_00506,cus_synthetic_0375,tpp_002,bank_003,salud financiera,accounts:transactions|credits:position|investments:position,accounts:transactions|credits:position,consent-notice-v2,sca-app,movil,2026-06-06,2027-06-01,revocado,2026-06-06,institucion,cese de la relacion,3.7,0
cns_00507,cus_synthetic_0146,tpp_004,bank_003,panel de posicion consolidada,accounts:list|accounts:transactions|credits:position,accounts:list,consent-notice-v2,sca-otp,movil,2026-01-19,2026-04-19,revocado,2026-03-20,institucion,cese de la relacion,9.9,0
cns_00508,cus_synthetic_0307,tpp_010,bank_001,iniciacion de pago unico,accounts:balances|accounts:list|credits:arrears|credits:position|investments:position,accounts:list|credits:arrears|credits:position|investments:position,consent-notice-v2,sca-app,movil,2026-03-03,2026-08-30,revocado,2026-03-04,cliente,cambio de aplicacion,0.7,0
cns_00509,cus_synthetic_0141,tpp_004,bank_003,salud financiera,accounts:transactions|credits:position|investments:position|payments:initiate,accounts:transactions|payments:initiate,consent-notice-v2,sca-app,web,2026-04-18,2026-07-17,vigente,,,,1.1,0
cns_00510,cus_synthetic_0364,tpp_001,bank_005,comparador de credito,accounts:balances|accounts:transactions|investments:position|payments:initiate,accounts:balances|accounts:transactions|investments:position|payments:initiate,consent-notice-v3,sca-otp,web,2026-05-16,2027-05-11,vigente,,,,4.4,0
cns_00511,cus_synthetic_0172,tpp_009,bank_003,comparador de credito,accounts:list|credits:position|investments:position|payments:initiate,accounts:list|credits:position|investments:position|payments:initiate,consent-notice-v2,sca-app,web,2026-02-24,2026-08-23,vigente,,,,2.0,0
cns_00512,cus_synthetic_0346,tpp_012,bank_003,iniciacion de pago unico,accounts:list|accounts:transactions|credits:arrears|credits:position|investments:position|payments:initiate,accounts:list|accounts:transactions|investments:position|payments:initiate,consent-notice-v2,sca-app,movil,2026-05-03,2026-10-30,vigente,,,,2.9,1
cns_00513,cus_synthetic_0198,tpp_011,bank_001,salud financiera,accounts:balances|accounts:transactions|credits:arrears|payments:initiate,accounts:balances|accounts:transactions|credits:arrears,consent-notice-v3,sca-otp,web,2026-03-24,2027-03-19,vigente,,,,2.1,0
cns_00514,cus_synthetic_0059,tpp_001,bank_004,iniciacion de pago unico,payments:initiate,payments:initiate,consent-notice-v2,sca-biometria,web,2026-04-15,2027-04-10,revocado,2026-04-30,institucion,no indicado,1.5,0
cns_00515,cus_synthetic_0385,tpp_004,bank_003,panel de posicion consolidada,accounts:list|accounts:transactions|investments:position,investments:position,consent-notice-v2,sca-app,web,2026-04-21,2027-04-16,expirado,,,,1.0,0
cns_00516,cus_synthetic_0214,tpp_005,bank_004,panel de posicion consolidada,credits:arrears|credits:position|payments:initiate,credits:arrears|credits:position|payments:initiate,consent-notice-v3,sca-biometria,movil,2026-04-16,2026-07-15,vigente,,,,1.6,0
cns_00517,cus_synthetic_0111,tpp_003,bank_002,salud financiera,accounts:transactions|credits:arrears|credits:position|payments:initiate,accounts:transactions|credits:arrears|payments:initiate,consent-notice-v2,sca-app,movil,2026-05-06,2026-11-02,expirado,,,,2.7,0
cns_00518,cus_synthetic_0202,tpp_008,bank_003,comparador de credito,accounts:balances|accounts:list|credits:position|payments:initiate,accounts:balances|accounts:list|credits:position|payments:initiate,consent-notice-v3,sca-biometria,movil,2026-04-04,2027-03-30,revocado,2026-04-08,cliente,cambio de aplicacion,2.6,0
cns_00519,cus_synthetic_0326,tpp_001,bank_005,panel de posicion consolidada,accounts:list|accounts:transactions|credits:arrears|investments:position,accounts:list|accounts:transactions|credits:arrears|investments:position,consent-notice-v3,sca-otp,movil,2026-03-29,2026-06-27,vigente,,,,1.1,0
cns_00520,cus_synthetic_0194,tpp_005,bank_002,comparador de credito,accounts:balances|accounts:transactions,accounts:transactions,consent-notice-v3,sca-app,web,2026-04-15,2027-04-10,revocado,2026-06-13,cliente,cese de la relacion,1.8,0
cns_00521,cus_synthetic_0056,tpp_003,bank_003,iniciacion de pago unico,accounts:list|credits:position|investments:position,accounts:list,consent-notice-v2,sca-biometria,web,2026-04-01,2026-06-30,vigente,,,,3.6,0
cns_00522,cus_synthetic_0073,tpp_006,bank_002,comparador de credito,accounts:balances|credits:position,accounts:balances|credits:position,consent-notice-v2,sca-biometria,web,2026-05-16,2027-05-11,vigente,,,,4.3,0
cns_00523,cus_synthetic_0100,tpp_010,bank_005,salud financiera,accounts:transactions,accounts:transactions,consent-notice-v3,sca-biometria,web,2026-04-25,2026-10-22,revocado,2026-06-08,cliente,no reconozco al proveedor,1.6,0
cns_00524,cus_synthetic_0359,tpp_011,bank_002,salud financiera,credits:position|investments:position|payments:initiate,credits:position|investments:position|payments:initiate,consent-notice-v3,sca-app,movil,2026-05-26,2027-05-21,revocado,2026-08-18,cliente,no indicado,2.8,0
cns_00525,cus_synthetic_0373,tpp_005,bank_005,salud financiera,accounts:balances|accounts:list|credits:arrears|credits:position|investments:position|payments:initiate,accounts:balances|accounts:list|credits:arrears|investments:position,consent-notice-v2,sca-app,web,2026-02-02,2027-01-28,vigente,,,,2.3,0
cns_00526,cus_synthetic_0139,tpp_004,bank_003,categorizacion de gastos,accounts:balances|accounts:list|accounts:transactions|credits:arrears|credits:position|payments:initiate,accounts:balances|accounts:list|accounts:transactions|credits:position,consent-notice-v3,sca-biometria,movil,2026-04-13,2027-04-08,vigente,,,,2.1,0
cns_00527,cus_synthetic_0345,tpp_007,bank_001,categorizacion de gastos,accounts:balances|accounts:list|accounts:transactions|credits:arrears|investments:position|payments:initiate,accounts:balances|accounts:list|accounts:transactions|investments:position,consent-notice-v2,sca-otp,web,2026-02-25,2027-02-20,revocado,2026-05-22,cliente,no reconozco al proveedor,4.2,0
cns_00528,cus_synthetic_0230,tpp_004,bank_002,panel de posicion consolidada,accounts:balances|credits:arrears|credits:position|investments:position|payments:initiate,credits:arrears|investments:position|payments:initiate,consent-notice-v3,sca-biometria,movil,2026-05-03,2027-04-28,vigente,,,,2.3,0
cns_00529,cus_synthetic_0363,tpp_004,bank_004,salud financiera,accounts:list|payments:initiate,payments:initiate,consent-notice-v3,sca-app,movil,2026-06-29,2027-06-24,revocado,2026-07-03,cliente,cese de la relacion,3.2,0
cns_00530,cus_synthetic_0258,tpp_005,bank_001,panel de posicion consolidada,investments:position,investments:position,consent-notice-v3,sca-biometria,movil,2026-04-05,2027-03-31,vigente,,,,3.6,0
cns_00531,cus_synthetic_0107,tpp_003,bank_002,salud financiera,accounts:balances|accounts:transactions|credits:arrears|credits:position|investments:position|payments:initiate,accounts:transactions|credits:position|investments:position|payments:initiate,consent-notice-v2,sca-biometria,movil,2026-06-29,2026-09-27,revocado,2026-07-02,cliente,no indicado,3.7,0
cns_00532,cus_synthetic_0130,tpp_003,bank_004,comparador de credito,accounts:list|credits:arrears|credits:position,accounts:list|credits:arrears|credits:position,consent-notice-v3,sca-app,web,2026-05-24,2027-05-19,expirado,,,,0.8,0
cns_00533,cus_synthetic_0184,tpp_005,bank_001,comparador de credito,accounts:list|accounts:transactions|credits:arrears|investments:position,accounts:list|accounts:transactions|credits:arrears|investments:position,consent-notice-v2,sca-app,web,2026-05-03,2026-08-01,vigente,,,,1.7,0
cns_00534,cus_synthetic_0221,tpp_012,bank_001,iniciacion de pago unico,accounts:list|credits:arrears|payments:initiate,accounts:list|credits:arrears|payments:initiate,consent-notice-v2,sca-otp,web,2026-06-08,2026-09-06,vigente,,,,4.6,0
cns_00535,cus_synthetic_0291,tpp_006,bank_002,salud financiera,credits:arrears,credits:arrears,consent-notice-v3,sca-app,web,2026-01-23,2027-01-18,vigente,,,,4.0,0
cns_00536,cus_synthetic_0082,tpp_007,bank_002,categorizacion de gastos,accounts:balances|credits:arrears|credits:position|investments:position,accounts:balances|investments:position,consent-notice-v2,sca-otp,web,2026-04-21,2027-04-16,vigente,,,,1.2,0
cns_00537,cus_synthetic_0206,tpp_008,bank_005,categorizacion de gastos,accounts:list|accounts:transactions|credits:arrears|credits:position,accounts:list|accounts:transactions|credits:arrears|credits:position,consent-notice-v3,sca-otp,web,2026-04-09,2026-07-08,vigente,,,,6.4,0
cns_00538,cus_synthetic_0027,tpp_003,bank_002,categorizacion de gastos,accounts:balances|accounts:list|credits:position|investments:position|payments:initiate,accounts:balances|credits:position|payments:initiate,consent-notice-v2,sca-biometria,movil,2026-07-02,2026-12-29,vigente,,,,1.2,0
cns_00539,cus_synthetic_0193,tpp_003,bank_003,salud financiera,accounts:list|accounts:transactions|credits:arrears|investments:position,credits:arrears|investments:position,consent-notice-v3,sca-biometria,movil,2026-06-12,2027-06-07,vigente,,,,4.0,0
cns_00540,cus_synthetic_0393,tpp_010,bank_005,comparador de credito,investments:position,investments:position,consent-notice-v3,sca-otp,web,2026-06-28,2027-06-23,vigente,,,,0.9,0
cns_00541,cus_synthetic_0389,tpp_004,bank_004,comparador de credito,accounts:balances|accounts:list|credits:arrears|payments:initiate,accounts:balances|accounts:list|credits:arrears|payments:initiate,consent-notice-v3,sca-app,movil,2026-01-29,2026-07-28,revocado,2026-02-04,cliente,no indicado,8.1,0
cns_00542,cus_synthetic_0204,tpp_003,bank_005,iniciacion de pago unico,accounts:list|accounts:transactions|credits:arrears|credits:position,accounts:list|accounts:transactions|credits:arrears|credits:position,consent-notice-v3,sca-app,movil,2026-01-13,2027-01-08,rechazado,,,,1.0,0
cns_00543,cus_synthetic_0372,tpp_002,bank_001,comparador de credito,accounts:balances|credits:position|investments:position|payments:initiate,accounts:balances|investments:position|payments:initiate,consent-notice-v2,sca-app,movil,2026-03-07,2026-09-03,rechazado,,,,1.2,0
cns_00544,cus_synthetic_0089,tpp_006,bank_002,salud financiera,accounts:balances|credits:position|payments:initiate,credits:position|payments:initiate,consent-notice-v2,sca-app,movil,2026-01-14,2027-01-09,vigente,,,,1.5,0
cns_00545,cus_synthetic_0330,tpp_010,bank_001,panel de posicion consolidada,payments:initiate,payments:initiate,consent-notice-v3,sca-otp,movil,2026-06-05,2026-12-02,vigente,,,,4.9,0
cns_00546,cus_synthetic_0391,tpp_010,bank_001,comparador de credito,accounts:balances,accounts:balances,consent-notice-v3,sca-biometria,web,2026-02-19,2027-02-14,vigente,,,,3.4,0
cns_00547,cus_synthetic_0030,tpp_012,bank_003,iniciacion de pago unico,accounts:list|accounts:transactions|credits:arrears|investments:position,accounts:transactions|investments:position,consent-notice-v3,sca-otp,web,2026-05-23,2027-05-18,vigente,,,,4.6,0
cns_00548,cus_synthetic_0381,tpp_011,bank_002,comparador de credito,accounts:list|credits:arrears|credits:position|payments:initiate,credits:arrears|credits:position|payments:initiate,consent-notice-v2,sca-biometria,movil,2026-01-30,2026-07-29,revocado,2026-01-30,institucion,ya no lo uso,3.2,0
cns_00549,cus_synthetic_0340,tpp_003,bank_003,iniciacion de pago unico,accounts:balances|accounts:list|credits:arrears|payments:initiate,accounts:list|credits:arrears|payments:initiate,consent-notice-v3,sca-biometria,movil,2026-05-17,2026-11-13,vigente,,,,5.7,0
cns_00550,cus_synthetic_0017,tpp_012,bank_002,categorizacion de gastos,accounts:list|credits:arrears|payments:initiate,accounts:list|credits:arrears|payments:initiate,consent-notice-v3,sca-app,movil,2026-02-06,2027-02-01,vigente,,,,1.5,0
cns_00551,cus_synthetic_0116,tpp_011,bank_003,salud financiera,accounts:transactions|credits:arrears|investments:position|payments:initiate,accounts:transactions|payments:initiate,consent-notice-v3,sca-biometria,web,2026-05-20,2027-05-15,revocado,2026-05-23,cliente,cambio de aplicacion,2.6,0
cns_00552,cus_synthetic_0073,tpp_008,bank_003,iniciacion de pago unico,accounts:list|credits:arrears|credits:position,accounts:list|credits:arrears|credits:position,consent-notice-v3,sca-biometria,web,2026-05-28,2027-05-23,vigente,,,,1.7,0
cns_00553,cus_synthetic_0226,tpp_011,bank_001,comparador de credito,accounts:transactions|credits:arrears|payments:initiate,accounts:transactions,consent-notice-v3,sca-otp,web,2026-03-26,2027-03-21,vigente,,,,3.9,0
cns_00554,cus_synthetic_0285,tpp_005,bank_005,iniciacion de pago unico,accounts:list|accounts:transactions|credits:position|investments:position,accounts:list|accounts:transactions|credits:position|investments:position,consent-notice-v2,sca-biometria,web,2026-02-19,2027-02-14,vigente,,,,1.7,0
cns_00555,cus_synthetic_0351,tpp_002,bank_003,comparador de credito,accounts:list|credits:position,accounts:list,consent-notice-v3,sca-biometria,web,2026-03-13,2026-06-11,vigente,,,,5.5,0
cns_00556,cus_synthetic_0026,tpp_010,bank_003,comparador de credito,accounts:list|accounts:transactions|credits:arrears|investments:position|payments:initiate,accounts:list|accounts:transactions|credits:arrears|payments:initiate,consent-notice-v2,sca-otp,movil,2026-04-15,2027-04-10,vigente,,,,1.8,0
cns_00557,cus_synthetic_0284,tpp_003,bank_001,iniciacion de pago unico,accounts:list|accounts:transactions|credits:arrears,accounts:list,consent-notice-v3,sca-biometria,movil,2026-04-17,2027-04-12,revocado,2026-04-18,cliente,ya no lo uso,1.7,0
cns_00558,cus_synthetic_0361,tpp_009,bank_001,salud financiera,accounts:balances|credits:position|investments:position|payments:initiate,accounts:balances|credits:position|investments:position|payments:initiate,consent-notice-v2,sca-biometria,movil,2026-03-05,2026-06-03,vigente,,,,3.9,0
cns_00559,cus_synthetic_0124,tpp_011,bank_002,categorizacion de gastos,accounts:transactions|credits:arrears|credits:position,accounts:transactions|credits:position,consent-notice-v3,sca-otp,movil,2026-02-13,2026-08-12,rechazado,,,,2.1,0
cns_00560,cus_synthetic_0293,tpp_005,bank_002,iniciacion de pago unico,accounts:list|accounts:transactions|credits:arrears|credits:position|investments:position|payments:initiate,accounts:list|accounts:transactions|investments:position|payments:initiate,consent-notice-v2,sca-app,movil,2026-03-26,2027-03-21,vigente,,,,2.2,0
cns_00561,cus_synthetic_0190,tpp_004,bank_003,iniciacion de pago unico,accounts:balances|investments:position|payments:initiate,accounts:balances|investments:position|payments:initiate,consent-notice-v2,sca-biometria,movil,2026-02-18,2026-05-19,vigente,,,,3.1,0
cns_00562,cus_synthetic_0060,tpp_005,bank_005,panel de posicion consolidada,accounts:transactions|investments:position,accounts:transactions|investments:position,consent-notice-v2,sca-otp,movil,2026-05-15,2026-11-11,vigente,,,,1.3,0
cns_00563,cus_synthetic_0298,tpp_005,bank_005,categorizacion de gastos,accounts:balances|accounts:transactions|credits:arrears|credits:position|investments:position|payments:initiate,accounts:transactions|credits:arrears|credits:position|payments:initiate,consent-notice-v2,sca-biometria,movil,2026-04-27,2026-10-24,vigente,,,,1.2,0
cns_00564,cus_synthetic_0028,tpp_011,bank_001,panel de posicion consolidada,accounts:balances|accounts:list|credits:position|payments:initiate,accounts:balances|credits:position,consent-notice-v3,sca-otp,movil,2026-02-22,2027-02-17,vigente,,,,10.7,0
cns_00565,cus_synthetic_0104,tpp_009,bank_004,salud financiera,credits:position|investments:position,credits:position|investments:position,consent-notice-v2,sca-app,movil,2026-03-17,2026-06-15,revocado,2026-03-21,cliente,no indicado,3.8,0
cns_00566,cus_synthetic_0319,tpp_010,bank_004,categorizacion de gastos,accounts:balances|accounts:transactions|credits:arrears,accounts:balances|accounts:transactions|credits:arrears,consent-notice-v3,sca-otp,movil,2026-03-18,2027-03-13,vigente,,,,2.7,0
cns_00567,cus_synthetic_0391,tpp_012,bank_003,panel de posicion consolidada,accounts:balances|accounts:transactions|credits:position,accounts:balances|accounts:transactions|credits:position,consent-notice-v2,sca-biometria,web,2026-07-03,2026-12-30,vigente,,,,3.0,0
cns_00568,cus_synthetic_0141,tpp_012,bank_005,iniciacion de pago unico,accounts:balances|accounts:list|accounts:transactions,accounts:balances|accounts:list|accounts:transactions,consent-notice-v2,sca-biometria,movil,2026-04-21,2027-04-16,expirado,,,,1.8,0
cns_00569,cus_synthetic_0001,tpp_006,bank_001,comparador de credito,accounts:balances|accounts:list|credits:arrears,accounts:balances|accounts:list,consent-notice-v2,sca-biometria,web,2026-03-28,2027-03-23,vigente,,,,2.0,0
cns_00570,cus_synthetic_0145,tpp_007,bank_003,salud financiera,credits:position|investments:position|payments:initiate,credits:position|investments:position,consent-notice-v3,sca-otp,web,2026-03-19,2026-06-17,revocado,2026-05-02,cliente,no indicado,0.8,0
cns_00571,cus_synthetic_0317,tpp_007,bank_002,categorizacion de gastos,credits:arrears|investments:position,investments:position,consent-notice-v3,sca-otp,movil,2026-03-16,2026-09-12,vigente,,,,1.6,0
cns_00572,cus_synthetic_0050,tpp_010,bank_002,panel de posicion consolidada,accounts:balances|accounts:list|accounts:transactions|credits:position,accounts:list|accounts:transactions|credits:position,consent-notice-v2,sca-otp,web,2026-06-06,2027-06-01,revocado,2026-06-13,cliente,cambio de aplicacion,0.6,0
cns_00573,cus_synthetic_0372,tpp_003,bank_004,panel de posicion consolidada,accounts:balances|credits:arrears|payments:initiate,credits:arrears,consent-notice-v3,sca-otp,web,2026-05-08,2027-05-03,vigente,,,,3.4,1
cns_00574,cus_synthetic_0042,tpp_010,bank_005,categorizacion de gastos,accounts:balances|accounts:list|credits:position,accounts:list|credits:position,consent-notice-v2,sca-otp,web,2026-04-19,2027-04-14,vigente,,,,1.4,0
cns_00575,cus_synthetic_0035,tpp_004,bank_004,salud financiera,accounts:list|accounts:transactions|credits:position|payments:initiate,accounts:list|accounts:transactions|credits:position|payments:initiate,consent-notice-v3,sca-biometria,movil,2026-01-06,2026-04-06,rechazado,,,,5.0,0
cns_00576,cus_synthetic_0355,tpp_011,bank_002,categorizacion de gastos,accounts:list,accounts:list,consent-notice-v3,sca-biometria,movil,2026-02-25,2027-02-20,expirado,,,,2.2,0
cns_00577,cus_synthetic_0341,tpp_008,bank_003,comparador de credito,accounts:balances,accounts:balances,consent-notice-v2,sca-otp,movil,2026-06-02,2027-05-28,vigente,,,,3.5,0
cns_00578,cus_synthetic_0303,tpp_003,bank_003,comparador de credito,accounts:balances|accounts:transactions|credits:arrears|credits:position|investments:position|payments:initiate,accounts:balances|credits:arrears|investments:position|payments:initiate,consent-notice-v3,sca-biometria,web,2026-02-27,2026-08-26,expirado,,,,2.4,0
cns_00579,cus_synthetic_0322,tpp_004,bank_005,categorizacion de gastos,accounts:transactions,accounts:transactions,consent-notice-v2,sca-biometria,movil,2026-04-18,2027-04-13,expirado,,,,7.3,0
cns_00580,cus_synthetic_0392,tpp_006,bank_005,iniciacion de pago unico,accounts:balances|accounts:list|credits:arrears|credits:position|payments:initiate,accounts:list|credits:position|payments:initiate,consent-notice-v2,sca-otp,movil,2026-05-08,2026-08-06,vigente,,,,1.5,0
cns_00581,cus_synthetic_0164,tpp_002,bank_004,salud financiera,accounts:balances|accounts:list|accounts:transactions|credits:position|investments:position|payments:initiate,accounts:list|credits:position|investments:position|payments:initiate,consent-notice-v3,sca-otp,movil,2026-05-16,2026-11-12,vigente,,,,2.4,0
cns_00582,cus_synthetic_0138,tpp_010,bank_005,panel de posicion consolidada,accounts:list|credits:position,accounts:list,consent-notice-v2,sca-otp,web,2026-02-16,2027-02-11,vigente,,,,1.3,0
cns_00583,cus_synthetic_0296,tpp_003,bank_005,categorizacion de gastos,accounts:balances|accounts:transactions|credits:position|investments:position,accounts:balances|accounts:transactions|investments:position,consent-notice-v3,sca-otp,web,2026-01-26,2026-04-26,revocado,2026-01-28,cliente,cese de la relacion,4.1,0
cns_00584,cus_synthetic_0056,tpp_012,bank_004,panel de posicion consolidada,accounts:transactions|credits:arrears|payments:initiate,payments:initiate,consent-notice-v3,sca-app,movil,2026-02-15,2026-05-16,vigente,,,,1.3,0
cns_00585,cus_synthetic_0038,tpp_006,bank_004,salud financiera,accounts:balances|accounts:list|credits:arrears|payments:initiate,accounts:balances|accounts:list|credits:arrears|payments:initiate,consent-notice-v2,sca-app,movil,2026-01-15,2027-01-10,vigente,,,,3.5,0
cns_00586,cus_synthetic_0214,tpp_006,bank_003,salud financiera,accounts:balances|accounts:list|investments:position|payments:initiate,accounts:list|payments:initiate,consent-notice-v3,sca-app,movil,2026-04-07,2027-04-02,revocado,2026-06-28,cliente,ya no lo uso,1.6,0
cns_00587,cus_synthetic_0185,tpp_008,bank_004,categorizacion de gastos,accounts:balances|accounts:list|accounts:transactions|credits:arrears|investments:position|payments:initiate,accounts:list|credits:arrears|investments:position|payments:initiate,consent-notice-v3,sca-otp,web,2026-03-03,2027-02-26,expirado,,,,2.5,0
cns_00588,cus_synthetic_0077,tpp_002,bank_004,iniciacion de pago unico,accounts:transactions|payments:initiate,accounts:transactions,consent-notice-v2,sca-otp,movil,2026-02-10,2026-05-11,revocado,2026-02-27,cliente,ya no lo uso,5.4,0
cns_00589,cus_synthetic_0096,tpp_010,bank_002,comparador de credito,accounts:balances|accounts:list|accounts:transactions|credits:arrears|credits:position|investments:position,accounts:list|credits:arrears|credits:position|investments:position,consent-notice-v2,sca-biometria,movil,2026-02-26,2027-02-21,vigente,,,,1.3,0
cns_00590,cus_synthetic_0178,tpp_001,bank_003,iniciacion de pago unico,accounts:balances|accounts:list|credits:position|investments:position|payments:initiate,accounts:list|investments:position|payments:initiate,consent-notice-v2,sca-otp,web,2026-05-12,2027-05-07,vigente,,,,6.9,0
cns_00591,cus_synthetic_0246,tpp_005,bank_004,salud financiera,accounts:balances|accounts:transactions|credits:arrears|credits:position|investments:position|payments:initiate,accounts:transactions|credits:arrears|investments:position|payments:initiate,consent-notice-v2,sca-app,web,2026-01-15,2026-07-14,vigente,,,,3.6,0
cns_00592,cus_synthetic_0278,tpp_005,bank_004,salud financiera,accounts:list|accounts:transactions,accounts:list|accounts:transactions,consent-notice-v2,sca-biometria,movil,2026-04-13,2026-10-10,vigente,,,,5.4,0
cns_00593,cus_synthetic_0387,tpp_007,bank_002,iniciacion de pago unico,accounts:list,accounts:list,consent-notice-v3,sca-biometria,movil,2026-04-02,2026-07-01,revocado,2026-04-04,cliente,cambio de aplicacion,3.2,0
cns_00594,cus_synthetic_0331,tpp_011,bank_002,comparador de credito,credits:arrears,credits:arrears,consent-notice-v3,sca-biometria,web,2026-01-20,2027-01-15,vigente,,,,7.7,0
cns_00595,cus_synthetic_0228,tpp_006,bank_005,panel de posicion consolidada,accounts:balances|accounts:transactions|credits:arrears|investments:position|payments:initiate,accounts:balances|accounts:transactions|investments:position|payments:initiate,consent-notice-v2,sca-app,web,2026-05-11,2026-08-09,vigente,,,,1.3,0
cns_00596,cus_synthetic_0230,tpp_005,bank_004,salud financiera,accounts:list|accounts:transactions|credits:arrears|credits:position,credits:arrears|credits:position,consent-notice-v2,sca-otp,web,2026-04-04,2027-03-30,vigente,,,,2.8,0
cns_00597,cus_synthetic_0347,tpp_007,bank_001,iniciacion de pago unico,accounts:list|accounts:transactions|credits:arrears|credits:position|investments:position,accounts:list|accounts:transactions|investments:position,consent-notice-v2,sca-biometria,movil,2026-04-16,2027-04-11,vigente,,,,1.1,0
cns_00598,cus_synthetic_0183,tpp_005,bank_003,panel de posicion consolidada,credits:arrears|investments:position,credits:arrears,consent-notice-v2,sca-app,movil,2026-06-23,2026-09-21,vigente,,,,0.5,0
cns_00599,cus_synthetic_0274,tpp_007,bank_003,panel de posicion consolidada,accounts:balances|credits:arrears|investments:position,accounts:balances|credits:arrears|investments:position,consent-notice-v3,sca-otp,movil,2026-02-28,2026-08-27,vigente,,,,14.0,0
cns_00600,cus_synthetic_0269,tpp_012,bank_002,comparador de credito,accounts:balances|accounts:list|accounts:transactions|credits:position|investments:position|payments:initiate,accounts:list|accounts:transactions|credits:position|payments:initiate,consent-notice-v2,sca-app,web,2026-04-25,2027-04-20,vigente,,,,2.8,0
cns_00601,cus_synthetic_0375,tpp_008,bank_002,panel de posicion consolidada,accounts:transactions|credits:arrears|credits:position|investments:position|payments:initiate,accounts:transactions|credits:arrears|payments:initiate,consent-notice-v2,sca-biometria,movil,2026-03-30,2027-03-25,vigente,,,,1.4,0
cns_00602,cus_synthetic_0289,tpp_001,bank_004,comparador de credito,accounts:balances|credits:position|investments:position,accounts:balances,consent-notice-v2,sca-app,movil,2026-05-04,2026-10-31,vigente,,,,3.0,0
cns_00603,cus_synthetic_0300,tpp_002,bank_002,iniciacion de pago unico,accounts:balances|accounts:transactions|credits:arrears|investments:position,accounts:transactions|credits:arrears|investments:position,consent-notice-v2,sca-app,web,2026-02-27,2026-08-26,vigente,,,,4.9,0
cns_00604,cus_synthetic_0066,tpp_001,bank_001,salud financiera,accounts:transactions|credits:arrears|investments:position,credits:arrears,consent-notice-v2,sca-app,movil,2026-06-23,2026-12-20,revocado,2026-06-25,cliente,cese de la relacion,1.1,0
cns_00605,cus_synthetic_0390,tpp_007,bank_005,iniciacion de pago unico,accounts:balances|accounts:list|accounts:transactions|credits:arrears|investments:position|payments:initiate,accounts:list|accounts:transactions|credits:arrears|investments:position,consent-notice-v2,sca-biometria,web,2026-03-23,2026-06-21,expirado,,,,1.3,0
cns_00606,cus_synthetic_0034,tpp_008,bank_004,comparador de credito,credits:arrears,credits:arrears,consent-notice-v3,sca-biometria,movil,2026-01-19,2027-01-14,expirado,,,,3.7,0
cns_00607,cus_synthetic_0207,tpp_006,bank_002,categorizacion de gastos,accounts:list|accounts:transactions|credits:arrears|investments:position,accounts:list|accounts:transactions|credits:arrears,consent-notice-v3,sca-app,movil,2026-02-05,2027-01-31,revocado,2026-02-10,institucion,ya no lo uso,1.4,0
cns_00608,cus_synthetic_0231,tpp_004,bank_004,panel de posicion consolidada,accounts:list|credits:arrears|credits:position,credits:position,consent-notice-v3,sca-otp,web,2026-03-22,2027-03-17,vigente,,,,5.6,0
cns_00609,cus_synthetic_0390,tpp_004,bank_001,comparador de credito,accounts:list|accounts:transactions|credits:arrears,credits:arrears,consent-notice-v3,sca-biometria,movil,2026-05-24,2027-05-19,vigente,,,,3.1,0
cns_00610,cus_synthetic_0142,tpp_007,bank_005,salud financiera,accounts:list|investments:position|payments:initiate,accounts:list|investments:position|payments:initiate,consent-notice-v3,sca-biometria,movil,2026-03-18,2026-09-14,vigente,,,,1.8,0
cns_00611,cus_synthetic_0302,tpp_012,bank_002,salud financiera,accounts:balances|accounts:transactions|investments:position,accounts:balances|investments:position,consent-notice-v3,sca-app,movil,2026-02-23,2026-05-24,rechazado,,,,1.3,0
cns_00612,cus_synthetic_0354,tpp_011,bank_004,iniciacion de pago unico,accounts:list|credits:arrears|credits:position|investments:position,accounts:list|credits:arrears|credits:position|investments:position,consent-notice-v3,sca-app,movil,2026-06-28,2026-09-26,rechazado,,,,3.8,0
cns_00613,cus_synthetic_0208,tpp_007,bank_005,iniciacion de pago unico,accounts:list|accounts:transactions|payments:initiate,accounts:list,consent-notice-v2,sca-otp,web,2026-04-02,2026-09-29,vigente,,,,2.0,0
cns_00614,cus_synthetic_0090,tpp_009,bank_001,panel de posicion consolidada,accounts:balances|accounts:transactions|investments:position,accounts:balances|accounts:transactions|investments:position,consent-notice-v2,sca-biometria,movil,2026-01-23,2026-07-22,revocado,2026-01-25,cliente,cese de la relacion,1.2,1
cns_00615,cus_synthetic_0108,tpp_001,bank_003,panel de posicion consolidada,accounts:list|accounts:transactions|credits:position,credits:position,consent-notice-v3,sca-app,movil,2026-01-14,2027-01-09,revocado,2026-01-17,cliente,cambio de aplicacion,1.6,0
cns_00616,cus_synthetic_0257,tpp_010,bank_004,iniciacion de pago unico,accounts:balances,accounts:balances,consent-notice-v3,sca-app,web,2026-03-16,2026-06-14,revocado,2026-03-19,institucion,ya no lo uso,2.8,0
cns_00617,cus_synthetic_0263,tpp_011,bank_005,panel de posicion consolidada,accounts:list|accounts:transactions|credits:arrears|credits:position,accounts:list|accounts:transactions|credits:arrears|credits:position,consent-notice-v2,sca-otp,movil,2026-03-25,2026-06-23,vigente,,,,4.0,0
cns_00618,cus_synthetic_0078,tpp_001,bank_004,categorizacion de gastos,accounts:balances|accounts:list|credits:arrears|credits:position|payments:initiate,accounts:balances|credits:arrears|credits:position,consent-notice-v2,sca-app,movil,2026-01-31,2026-05-01,vigente,,,,9.2,1
cns_00619,cus_synthetic_0065,tpp_008,bank_004,salud financiera,accounts:balances|accounts:list,accounts:balances,consent-notice-v3,sca-biometria,web,2026-06-17,2027-06-12,vigente,,,,1.8,0
cns_00620,cus_synthetic_0062,tpp_012,bank_001,comparador de credito,accounts:transactions|credits:position,accounts:transactions,consent-notice-v3,sca-biometria,web,2026-05-01,2027-04-26,revocado,2026-07-14,cliente,cambio de aplicacion,1.3,0
cns_00621,cus_synthetic_0377,tpp_003,bank_001,salud financiera,accounts:transactions|credits:position,accounts:transactions|credits:position,consent-notice-v2,sca-biometria,movil,2026-05-03,2026-08-01,vigente,,,,2.2,0
cns_00622,cus_synthetic_0397,tpp_004,bank_002,salud financiera,accounts:transactions|credits:position|investments:position|payments:initiate,accounts:transactions|credits:position|investments:position|payments:initiate,consent-notice-v2,sca-biometria,movil,2026-03-31,2026-06-29,vigente,,,,2.3,0
cns_00623,cus_synthetic_0135,tpp_012,bank_004,categorizacion de gastos,accounts:balances|credits:arrears|credits:position|payments:initiate,accounts:balances|credits:arrears|credits:position|payments:initiate,consent-notice-v2,sca-app,web,2026-01-27,2027-01-22,expirado,,,,3.7,0
cns_00624,cus_synthetic_0056,tpp_006,bank_004,iniciacion de pago unico,accounts:balances|accounts:list|accounts:transactions|credits:position|investments:position|payments:initiate,accounts:balances|accounts:transactions|credits:position|investments:position,consent-notice-v3,sca-app,movil,2026-02-10,2027-02-05,vigente,,,,4.1,0
cns_00625,cus_synthetic_0168,tpp_010,bank_005,iniciacion de pago unico,accounts:balances|accounts:transactions|credits:arrears|investments:position|payments:initiate,accounts:transactions|credits:arrears|investments:position|payments:initiate,consent-notice-v3,sca-app,movil,2026-06-22,2027-06-17,vigente,,,,2.5,0
cns_00626,cus_synthetic_0306,tpp_011,bank_001,salud financiera,accounts:balances|accounts:transactions|credits:arrears|investments:position,accounts:balances|credits:arrears,consent-notice-v2,sca-biometria,movil,2026-02-23,2026-08-22,vigente,,,,5.0,0
cns_00627,cus_synthetic_0218,tpp_012,bank_001,salud financiera,accounts:transactions|credits:arrears|credits:position|payments:initiate,accounts:transactions|credits:position|payments:initiate,consent-notice-v3,sca-otp,web,2026-05-11,2027-05-06,vigente,,,,1.8,0
cns_00628,cus_synthetic_0198,tpp_004,bank_002,comparador de credito,accounts:balances|credits:arrears|credits:position,accounts:balances|credits:position,consent-notice-v2,sca-app,movil,2026-02-18,2026-08-17,revocado,2026-03-31,cliente,cambio de aplicacion,5.1,0
cns_00629,cus_synthetic_0375,tpp_011,bank_002,categorizacion de gastos,accounts:balances|accounts:list|accounts:transactions|credits:position|investments:position|payments:initiate,accounts:balances|accounts:list|credits:position|investments:position,consent-notice-v2,sca-biometria,movil,2026-06-28,2027-06-23,vigente,,,,1.5,0
cns_00630,cus_synthetic_0078,tpp_010,bank_003,comparador de credito,accounts:balances|accounts:list|accounts:transactions|credits:position|investments:position,accounts:list|accounts:transactions|investments:position,consent-notice-v2,sca-app,movil,2026-02-17,2027-02-12,vigente,,,,2.0,0
cns_00631,cus_synthetic_0337,tpp_011,bank_004,categorizacion de gastos,accounts:balances|investments:position,accounts:balances|investments:position,consent-notice-v2,sca-app,movil,2026-07-04,2027-06-29,vigente,,,,2.3,0
cns_00632,cus_synthetic_0142,tpp_009,bank_003,panel de posicion consolidada,accounts:balances|credits:arrears|investments:position|payments:initiate,credits:arrears|payments:initiate,consent-notice-v3,sca-biometria,movil,2026-04-24,2027-04-19,vigente,,,,1.2,0
cns_00633,cus_synthetic_0228,tpp_009,bank_002,categorizacion de gastos,credits:arrears|investments:position,credits:arrears,consent-notice-v3,sca-app,web,2026-05-12,2026-08-10,expirado,,,,6.1,0
cns_00634,cus_synthetic_0177,tpp_004,bank_005,categorizacion de gastos,accounts:balances|accounts:list|accounts:transactions|credits:arrears,accounts:balances|accounts:list|accounts:transactions|credits:arrears,consent-notice-v3,sca-otp,web,2026-01-23,2026-04-23,vigente,,,,7.3,0
cns_00635,cus_synthetic_0341,tpp_009,bank_002,comparador de credito,accounts:list|credits:arrears|credits:position|payments:initiate,accounts:list|credits:arrears|credits:position,consent-notice-v3,sca-otp,movil,2026-01-25,2026-07-24,vigente,,,,0.8,0
cns_00636,cus_synthetic_0360,tpp_002,bank_002,categorizacion de gastos,accounts:balances|credits:position,credits:position,consent-notice-v2,sca-app,web,2026-03-14,2027-03-09,vigente,,,,1.2,0
cns_00637,cus_synthetic_0271,tpp_005,bank_004,salud financiera,accounts:balances|accounts:list|credits:position,accounts:balances,consent-notice-v2,sca-biometria,movil,2026-01-19,2026-07-18,vigente,,,,5.8,0
cns_00638,cus_synthetic_0355,tpp_001,bank_002,iniciacion de pago unico,accounts:balances|credits:arrears|investments:position,accounts:balances|investments:position,consent-notice-v2,sca-app,movil,2026-04-14,2027-04-09,vigente,,,,3.2,0
cns_00639,cus_synthetic_0179,tpp_012,bank_003,salud financiera,accounts:list|accounts:transactions|credits:arrears|investments:position,accounts:list|accounts:transactions|credits:arrears|investments:position,consent-notice-v2,sca-biometria,movil,2026-06-30,2026-09-28,vigente,,,,3.4,0
cns_00640,cus_synthetic_0336,tpp_008,bank_004,panel de posicion consolidada,accounts:balances|accounts:list|accounts:transactions|investments:position|payments:initiate,accounts:balances|accounts:list|accounts:transactions|payments:initiate,consent-notice-v2,sca-app,web,2026-05-15,2027-05-10,vigente,,,,3.3,0
cns_00641,cus_synthetic_0140,tpp_012,bank_003,panel de posicion consolidada,accounts:transactions|credits:position|investments:position|payments:initiate,accounts:transactions|credits:position,consent-notice-v2,sca-app,web,2026-01-07,2027-01-02,vigente,,,,1.0,0
cns_00642,cus_synthetic_0180,tpp_004,bank_004,categorizacion de gastos,accounts:list|accounts:transactions|credits:arrears|credits:position|investments:position|payments:initiate,accounts:list|credits:position|investments:position|payments:initiate,consent-notice-v3,sca-app,web,2026-06-19,2026-12-16,vigente,,,,3.8,0
cns_00643,cus_synthetic_0358,tpp_010,bank_004,comparador de credito,accounts:balances|accounts:list|accounts:transactions|credits:arrears,accounts:list|accounts:transactions,consent-notice-v3,sca-otp,web,2026-02-02,2026-08-01,vigente,,,,3.8,0
cns_00644,cus_synthetic_0216,tpp_003,bank_004,panel de posicion consolidada,accounts:list|credits:arrears|investments:position,accounts:list|credits:arrears|investments:position,consent-notice-v2,sca-otp,movil,2026-07-03,2027-06-28,vigente,,,,2.1,0
cns_00645,cus_synthetic_0076,tpp_002,bank_003,panel de posicion consolidada,accounts:balances|payments:initiate,payments:initiate,consent-notice-v3,sca-otp,web,2026-07-04,2027-06-29,revocado,2026-07-11,institucion,cese de la relacion,4.5,0
cns_00646,cus_synthetic_0252,tpp_004,bank_001,comparador de credito,accounts:transactions|credits:arrears|payments:initiate,accounts:transactions|credits:arrears|payments:initiate,consent-notice-v2,sca-biometria,web,2026-03-13,2027-03-08,expirado,,,,4.6,0
cns_00647,cus_synthetic_0346,tpp_006,bank_003,salud financiera,accounts:list|credits:position|investments:position|payments:initiate,investments:position|payments:initiate,consent-notice-v3,sca-otp,movil,2026-06-14,2027-06-09,expirado,,,,3.0,0
cns_00648,cus_synthetic_0314,tpp_012,bank_002,categorizacion de gastos,accounts:balances|investments:position,investments:position,consent-notice-v3,sca-biometria,movil,2026-03-04,2027-02-27,vigente,,,,1.6,0
cns_00649,cus_synthetic_0167,tpp_002,bank_004,panel de posicion consolidada,accounts:balances|accounts:transactions|credits:arrears|payments:initiate,accounts:balances|accounts:transactions|credits:arrears|payments:initiate,consent-notice-v2,sca-biometria,movil,2026-04-05,2027-03-31,vigente,,,,2.2,0
cns_00650,cus_synthetic_0041,tpp_003,bank_003,comparador de credito,accounts:balances|credits:position|investments:position,credits:position,consent-notice-v2,sca-biometria,movil,2026-06-03,2027-05-29,rechazado,,,,1.6,0
cns_00651,cus_synthetic_0123,tpp_008,bank_002,panel de posicion consolidada,accounts:balances|accounts:list|credits:arrears,accounts:list,consent-notice-v2,sca-app,web,2026-04-05,2027-03-31,vigente,,,,0.9,0
cns_00652,cus_synthetic_0202,tpp_004,bank_005,categorizacion de gastos,payments:initiate,payments:initiate,consent-notice-v3,sca-otp,movil,2026-03-13,2027-03-08,revocado,2026-03-15,cliente,cambio de aplicacion,2.6,0
cns_00653,cus_synthetic_0320,tpp_012,bank_001,salud financiera,accounts:balances|accounts:list|accounts:transactions|investments:position|payments:initiate,accounts:balances|accounts:list|accounts:transactions|investments:position,consent-notice-v3,sca-app,movil,2026-03-18,2027-03-13,vigente,,,,1.7,0
cns_00654,cus_synthetic_0028,tpp_011,bank_001,iniciacion de pago unico,accounts:transactions|credits:position|investments:position,accounts:transactions|credits:position|investments:position,consent-notice-v3,sca-otp,movil,2026-04-27,2027-04-22,expirado,,,,7.2,0
cns_00655,cus_synthetic_0328,tpp_004,bank_003,panel de posicion consolidada,accounts:balances|accounts:list|accounts:transactions|credits:position,accounts:balances|accounts:list|credits:position,consent-notice-v2,sca-app,web,2026-01-14,2027-01-09,vigente,,,,1.5,0
cns_00656,cus_synthetic_0292,tpp_006,bank_001,iniciacion de pago unico,accounts:balances|accounts:list|accounts:transactions|credits:arrears,accounts:balances|accounts:list|accounts:transactions|credits:arrears,consent-notice-v2,sca-app,movil,2026-01-29,2027-01-24,vigente,,,,5.4,0
cns_00657,cus_synthetic_0335,tpp_010,bank_005,panel de posicion consolidada,accounts:balances|accounts:transactions|credits:arrears|credits:position|investments:position|payments:initiate,credits:arrears|credits:position|investments:position|payments:initiate,consent-notice-v2,sca-biometria,web,2026-05-24,2026-08-22,expirado,,,,3.6,0
cns_00658,cus_synthetic_0330,tpp_003,bank_002,categorizacion de gastos,accounts:balances|accounts:list|credits:arrears|credits:position,accounts:balances|accounts:list,consent-notice-v2,sca-app,web,2026-01-26,2026-07-25,revocado,2026-01-26,institucion,cambio de aplicacion,3.0,0
cns_00659,cus_synthetic_0255,tpp_010,bank_005,comparador de credito,accounts:balances|accounts:list|credits:position,accounts:balances|accounts:list|credits:position,consent-notice-v3,sca-biometria,web,2026-02-18,2026-05-19,vigente,,,,3.1,0
cns_00660,cus_synthetic_0015,tpp_001,bank_004,panel de posicion consolidada,accounts:list|credits:position|investments:position,accounts:list|credits:position|investments:position,consent-notice-v3,sca-otp,web,2026-03-23,2026-09-19,vigente,,,,2.8,0
cns_00661,cus_synthetic_0074,tpp_012,bank_002,salud financiera,credits:arrears|investments:position,credits:arrears|investments:position,consent-notice-v2,sca-otp,web,2026-03-24,2027-03-19,vigente,,,,2.5,0
cns_00662,cus_synthetic_0256,tpp_003,bank_002,categorizacion de gastos,accounts:list|accounts:transactions|credits:arrears|payments:initiate,accounts:transactions|credits:arrears|payments:initiate,consent-notice-v2,sca-otp,movil,2026-03-05,2026-09-01,vigente,,,,2.0,0
cns_00663,cus_synthetic_0331,tpp_002,bank_004,panel de posicion consolidada,accounts:list|credits:arrears,credits:arrears,consent-notice-v3,sca-otp,web,2026-06-05,2026-09-03,rechazado,,,,1.7,0
cns_00664,cus_synthetic_0311,tpp_012,bank_001,iniciacion de pago unico,investments:position|payments:initiate,payments:initiate,consent-notice-v3,sca-otp,web,2026-01-11,2026-07-10,revocado,2026-01-11,cliente,ya no lo uso,7.0,1
cns_00665,cus_synthetic_0060,tpp_002,bank_002,comparador de credito,accounts:transactions|credits:arrears|credits:position|payments:initiate,credits:position|payments:initiate,consent-notice-v2,sca-otp,movil,2026-06-02,2026-11-29,vigente,,,,1.4,0
cns_00666,cus_synthetic_0225,tpp_001,bank_003,comparador de credito,accounts:balances|credits:arrears|investments:position,accounts:balances|credits:arrears|investments:position,consent-notice-v2,sca-otp,web,2026-03-31,2027-03-26,revocado,2026-03-31,institucion,cambio de aplicacion,2.6,1
cns_00667,cus_synthetic_0367,tpp_004,bank_005,categorizacion de gastos,accounts:balances|accounts:transactions|credits:arrears|credits:position,accounts:balances|credits:arrears|credits:position,consent-notice-v3,sca-biometria,movil,2026-02-23,2026-05-24,expirado,,,,4.6,0
cns_00668,cus_synthetic_0219,tpp_001,bank_004,salud financiera,accounts:balances|accounts:list|credits:arrears|credits:position|payments:initiate,accounts:balances|accounts:list|credits:position|payments:initiate,consent-notice-v3,sca-otp,web,2026-05-02,2027-04-27,vigente,,,,3.3,0
cns_00669,cus_synthetic_0313,tpp_004,bank_004,salud financiera,accounts:list|accounts:transactions|credits:arrears|payments:initiate,accounts:list|accounts:transactions|credits:arrears|payments:initiate,consent-notice-v2,sca-otp,web,2026-06-26,2027-06-21,revocado,2026-09-16,institucion,cese de la relacion,1.8,0
cns_00670,cus_synthetic_0363,tpp_004,bank_002,comparador de credito,accounts:list|credits:position|investments:position,accounts:list|credits:position|investments:position,consent-notice-v2,sca-biometria,movil,2026-06-22,2027-06-17,vigente,,,,2.5,0
cns_00671,cus_synthetic_0341,tpp_009,bank_002,salud financiera,accounts:balances|accounts:list|accounts:transactions|credits:arrears|credits:position|investments:position,accounts:balances|accounts:list|credits:arrears|credits:position,consent-notice-v3,sca-otp,web,2026-03-31,2027-03-26,rechazado,,,,4.3,0
cns_00672,cus_synthetic_0329,tpp_004,bank_003,salud financiera,accounts:list|credits:position,accounts:list|credits:position,consent-notice-v3,sca-app,web,2026-02-05,2026-05-06,vigente,,,,0.6,0
cns_00673,cus_synthetic_0130,tpp_002,bank_004,salud financiera,accounts:balances|accounts:transactions|credits:arrears|investments:position|payments:initiate,accounts:balances|accounts:transactions|credits:arrears|payments:initiate,consent-notice-v3,sca-biometria,movil,2026-05-22,2027-05-17,revocado,2026-05-27,institucion,cese de la relacion,2.7,0
cns_00674,cus_synthetic_0124,tpp_009,bank_002,comparador de credito,accounts:balances|accounts:list|accounts:transactions|credits:arrears|investments:position|payments:initiate,accounts:list|credits:arrears|investments:position|payments:initiate,consent-notice-v3,sca-biometria,web,2026-05-29,2026-11-25,vigente,,,,2.0,0
cns_00675,cus_synthetic_0194,tpp_008,bank_005,iniciacion de pago unico,accounts:list|credits:position|payments:initiate,credits:position|payments:initiate,consent-notice-v3,sca-biometria,movil,2026-03-14,2027-03-09,vigente,,,,2.9,0
cns_00676,cus_synthetic_0186,tpp_004,bank_003,categorizacion de gastos,accounts:balances|credits:position|payments:initiate,accounts:balances,consent-notice-v2,sca-biometria,web,2026-06-29,2026-12-26,vigente,,,,1.6,0
cns_00677,cus_synthetic_0161,tpp_010,bank_003,iniciacion de pago unico,accounts:balances|accounts:transactions|investments:position,accounts:balances|accounts:transactions|investments:position,consent-notice-v3,sca-biometria,movil,2026-05-26,2027-05-21,revocado,2026-06-01,cliente,no reconozco al proveedor,2.6,0
cns_00678,cus_synthetic_0058,tpp_007,bank_002,iniciacion de pago unico,accounts:transactions|credits:arrears|credits:position|investments:position|payments:initiate,accounts:transactions|credits:arrears|credits:position|investments:position,consent-notice-v3,sca-biometria,movil,2026-02-23,2027-02-18,vigente,,,,1.8,0
cns_00679,cus_synthetic_0193,tpp_008,bank_004,comparador de credito,accounts:balances|accounts:list|accounts:transactions|investments:position|payments:initiate,accounts:list|accounts:transactions|payments:initiate,consent-notice-v2,sca-app,web,2026-01-17,2026-04-17,vigente,,,,3.7,0
cns_00680,cus_synthetic_0360,tpp_006,bank_002,panel de posicion consolidada,accounts:balances|credits:arrears,accounts:balances|credits:arrears,consent-notice-v2,sca-biometria,movil,2026-06-01,2027-05-27,vigente,,,,2.1,0
cns_00681,cus_synthetic_0298,tpp_004,bank_001,salud financiera,credits:arrears|investments:position,credits:arrears|investments:position,consent-notice-v3,sca-biometria,web,2026-05-27,2027-05-22,revocado,2026-05-28,cliente,no reconozco al proveedor,6.0,0
cns_00682,cus_synthetic_0066,tpp_011,bank_005,categorizacion de gastos,accounts:transactions|credits:arrears|credits:position,credits:position,consent-notice-v3,sca-otp,web,2026-01-29,2026-07-28,vigente,,,,3.8,0
cns_00683,cus_synthetic_0010,tpp_004,bank_004,salud financiera,accounts:transactions|credits:arrears|credits:position,accounts:transactions|credits:arrears|credits:position,consent-notice-v2,sca-app,web,2026-02-07,2026-05-08,vigente,,,,6.9,0
cns_00684,cus_synthetic_0096,tpp_010,bank_001,panel de posicion consolidada,accounts:balances|accounts:list,accounts:list,consent-notice-v2,sca-biometria,web,2026-06-16,2027-06-11,revocado,2026-06-20,cliente,ya no lo uso,4.9,0
cns_00685,cus_synthetic_0136,tpp_004,bank_002,salud financiera,accounts:balances|accounts:transactions|credits:arrears|investments:position,accounts:transactions|credits:arrears|investments:position,consent-notice-v2,sca-app,web,2026-06-22,2026-09-20,vigente,,,,7.4,0
cns_00686,cus_synthetic_0127,tpp_007,bank_002,panel de posicion consolidada,accounts:balances|credits:position,credits:position,consent-notice-v3,sca-otp,movil,2026-05-29,2027-05-24,expirado,,,,2.8,0
cns_00687,cus_synthetic_0241,tpp_006,bank_004,iniciacion de pago unico,accounts:balances|accounts:transactions|credits:position,accounts:balances|accounts:transactions,consent-notice-v3,sca-app,web,2026-05-29,2027-05-24,vigente,,,,1.3,0
cns_00688,cus_synthetic_0040,tpp_012,bank_004,comparador de credito,credits:arrears|credits:position|payments:initiate,credits:position|payments:initiate,consent-notice-v3,sca-app,web,2026-04-28,2027-04-23,rechazado,,,,1.4,0
cns_00689,cus_synthetic_0342,tpp_012,bank_005,iniciacion de pago unico,accounts:balances|investments:position|payments:initiate,accounts:balances|payments:initiate,consent-notice-v2,sca-app,web,2026-01-24,2026-07-23,vigente,,,,1.1,0
cns_00690,cus_synthetic_0010,tpp_001,bank_002,iniciacion de pago unico,accounts:balances|accounts:transactions|payments:initiate,accounts:balances|accounts:transactions|payments:initiate,consent-notice-v3,sca-biometria,movil,2026-07-01,2026-12-28,vigente,,,,1.6,0
cns_00691,cus_synthetic_0338,tpp_008,bank_003,categorizacion de gastos,accounts:list|accounts:transactions|credits:arrears|payments:initiate,accounts:list|credits:arrears|payments:initiate,consent-notice-v3,sca-biometria,movil,2026-04-15,2026-10-12,vigente,,,,3.1,0
cns_00692,cus_synthetic_0051,tpp_010,bank_001,comparador de credito,accounts:balances|accounts:transactions|credits:arrears,accounts:balances|accounts:transactions,consent-notice-v3,sca-otp,web,2026-06-03,2027-05-29,rechazado,,,,6.2,0
cns_00693,cus_synthetic_0151,tpp_005,bank_005,comparador de credito,accounts:balances,accounts:balances,consent-notice-v3,sca-otp,web,2026-01-22,2027-01-17,vigente,,,,3.5,0
cns_00694,cus_synthetic_0373,tpp_010,bank_003,categorizacion de gastos,accounts:list|credits:arrears|credits:position,accounts:list,consent-notice-v2,sca-otp,web,2026-04-22,2026-07-21,vigente,,,,3.0,0
cns_00695,cus_synthetic_0143,tpp_003,bank_004,iniciacion de pago unico,accounts:list|credits:arrears|credits:position,accounts:list|credits:position,consent-notice-v3,sca-biometria,movil,2026-04-05,2027-03-31,vigente,,,,1.6,0
cns_00696,cus_synthetic_0312,tpp_006,bank_005,comparador de credito,accounts:balances|accounts:list|credits:arrears|credits:position|investments:position|payments:initiate,accounts:balances|credits:arrears|credits:position|investments:position,consent-notice-v3,sca-otp,web,2026-04-19,2026-07-18,vigente,,,,4.3,0
cns_00697,cus_synthetic_0354,tpp_012,bank_002,categorizacion de gastos,accounts:balances|accounts:list|credits:position|investments:position,accounts:balances|accounts:list|credits:position,consent-notice-v3,sca-biometria,movil,2026-02-20,2027-02-15,vigente,,,,2.2,0
cns_00698,cus_synthetic_0262,tpp_003,bank_004,salud financiera,credits:arrears,credits:arrears,consent-notice-v3,sca-otp,web,2026-05-05,2027-04-30,vigente,,,,4.2,0
cns_00699,cus_synthetic_0179,tpp_008,bank_003,categorizacion de gastos,credits:position,credits:position,consent-notice-v2,sca-app,web,2026-02-17,2027-02-12,expirado,,,,3.4,0
cns_00700,cus_synthetic_0235,tpp_006,bank_001,iniciacion de pago unico,accounts:list,accounts:list,consent-notice-v3,sca-app,movil,2026-01-22,2026-04-22,vigente,,,,3.2,0
cns_00701,cus_synthetic_0042,tpp_005,bank_001,panel de posicion consolidada,accounts:transactions|credits:arrears|credits:position|investments:position,credits:position|investments:position,consent-notice-v3,sca-biometria,web,2026-06-27,2027-06-22,vigente,,,,3.6,0
cns_00702,cus_synthetic_0194,tpp_006,bank_003,salud financiera,accounts:list|credits:position|payments:initiate,accounts:list,consent-notice-v3,sca-otp,movil,2026-01-15,2026-04-15,vigente,,,,4.2,0
cns_00703,cus_synthetic_0066,tpp_003,bank_004,salud financiera,accounts:balances|credits:position|investments:position,accounts:balances|credits:position|investments:position,consent-notice-v3,sca-otp,movil,2026-01-25,2027-01-20,vigente,,,,2.2,0
cns_00704,cus_synthetic_0387,tpp_003,bank_002,categorizacion de gastos,accounts:list|accounts:transactions|investments:position|payments:initiate,accounts:list|investments:position|payments:initiate,consent-notice-v2,sca-app,movil,2026-04-08,2027-04-03,vigente,,,,5.6,0
cns_00705,cus_synthetic_0275,tpp_012,bank_001,comparador de credito,accounts:balances|accounts:list|accounts:transactions|credits:arrears|credits:position|investments:position,accounts:list|accounts:transactions|credits:position|investments:position,consent-notice-v3,sca-biometria,movil,2026-05-14,2027-05-09,rechazado,,,,1.2,0
cns_00706,cus_synthetic_0092,tpp_007,bank_001,salud financiera,accounts:transactions|credits:arrears|investments:position,accounts:transactions|credits:arrears|investments:position,consent-notice-v2,sca-otp,web,2026-02-27,2027-02-22,expirado,,,,1.9,0
cns_00707,cus_synthetic_0118,tpp_001,bank_002,categorizacion de gastos,accounts:balances|credits:position|investments:position,credits:position,consent-notice-v3,sca-biometria,movil,2026-06-14,2026-12-11,vigente,,,,1.4,0
cns_00708,cus_synthetic_0317,tpp_002,bank_002,panel de posicion consolidada,accounts:balances|accounts:list|accounts:transactions|credits:position|investments:position|payments:initiate,accounts:transactions|credits:position|investments:position|payments:initiate,consent-notice-v3,sca-app,movil,2026-03-25,2026-06-23,vigente,,,,1.2,0
cns_00709,cus_synthetic_0014,tpp_011,bank_005,categorizacion de gastos,accounts:balances|accounts:transactions,accounts:transactions,consent-notice-v3,sca-app,web,2026-06-21,2027-06-16,vigente,,,,1.6,0
cns_00710,cus_synthetic_0070,tpp_004,bank_002,iniciacion de pago unico,accounts:balances|accounts:list|credits:arrears|credits:position|payments:initiate,accounts:balances|accounts:list|credits:arrears|credits:position,consent-notice-v3,sca-app,movil,2026-05-09,2027-05-04,vigente,,,,1.4,0
cns_00711,cus_synthetic_0342,tpp_011,bank_002,iniciacion de pago unico,accounts:balances|credits:arrears|payments:initiate,accounts:balances|credits:arrears,consent-notice-v3,sca-biometria,web,2026-05-13,2026-11-09,expirado,,,,2.6,0
cns_00712,cus_synthetic_0084,tpp_010,bank_001,categorizacion de gastos,accounts:balances|accounts:transactions|credits:arrears|credits:position|investments:position,accounts:balances|accounts:transactions|credits:arrears|investments:position,consent-notice-v3,sca-app,movil,2026-06-21,2026-12-18,vigente,,,,8.1,0
cns_00713,cus_synthetic_0258,tpp_005,bank_001,categorizacion de gastos,accounts:balances|payments:initiate,accounts:balances,consent-notice-v3,sca-otp,web,2026-04-28,2027-04-23,vigente,,,,1.6,0
cns_00714,cus_synthetic_0017,tpp_004,bank_001,salud financiera,accounts:balances|accounts:transactions|investments:position|payments:initiate,accounts:transactions|payments:initiate,consent-notice-v3,sca-otp,web,2026-07-01,2027-06-26,rechazado,,,,1.5,0
cns_00715,cus_synthetic_0236,tpp_010,bank_005,comparador de credito,accounts:balances|accounts:list,accounts:balances|accounts:list,consent-notice-v2,sca-app,web,2026-02-21,2027-02-16,revocado,2026-05-11,institucion,cese de la relacion,6.8,0
cns_00716,cus_synthetic_0133,tpp_010,bank_001,salud financiera,accounts:list|accounts:transactions|credits:arrears|investments:position|payments:initiate,accounts:transactions|credits:arrears|investments:position|payments:initiate,consent-notice-v2,sca-biometria,movil,2026-05-01,2026-10-28,vigente,,,,2.2,0
cns_00717,cus_synthetic_0268,tpp_005,bank_002,comparador de credito,accounts:list|credits:arrears,accounts:list|credits:arrears,consent-notice-v2,sca-biometria,movil,2026-02-08,2026-08-07,vigente,,,,3.8,0
cns_00718,cus_synthetic_0207,tpp_002,bank_005,categorizacion de gastos,accounts:balances|credits:arrears|credits:position,accounts:balances|credits:arrears,consent-notice-v3,sca-app,web,2026-05-27,2027-05-22,vigente,,,,4.0,0
cns_00719,cus_synthetic_0269,tpp_001,bank_005,iniciacion de pago unico,accounts:balances|accounts:transactions|credits:position,accounts:balances|credits:position,consent-notice-v2,sca-app,web,2026-02-18,2026-08-17,revocado,2026-02-19,cliente,cese de la relacion,3.5,0
cns_00720,cus_synthetic_0118,tpp_007,bank_001,comparador de credito,accounts:list|credits:position,accounts:list,consent-notice-v2,sca-otp,movil,2026-03-07,2027-03-02,vigente,,,,1.0,0
cns_00721,cus_synthetic_0134,tpp_009,bank_005,comparador de credito,accounts:balances|investments:position|payments:initiate,accounts:balances|payments:initiate,consent-notice-v2,sca-biometria,movil,2026-03-24,2027-03-19,vigente,,,,1.4,0
cns_00722,cus_synthetic_0311,tpp_011,bank_003,categorizacion de gastos,payments:initiate,payments:initiate,consent-notice-v3,sca-otp,movil,2026-07-04,2027-06-29,vigente,,,,3.0,0
cns_00723,cus_synthetic_0193,tpp_008,bank_003,panel de posicion consolidada,accounts:balances|accounts:list|accounts:transactions|credits:arrears|credits:position,accounts:balances|accounts:transactions|credits:arrears|credits:position,consent-notice-v3,sca-app,movil,2026-03-09,2027-03-04,vigente,,,,3.8,0
cns_00724,cus_synthetic_0287,tpp_006,bank_003,iniciacion de pago unico,accounts:balances|accounts:list|accounts:transactions|credits:arrears|credits:position|investments:position,accounts:list|credits:arrears|credits:position|investments:position,consent-notice-v3,sca-biometria,web,2026-01-25,2027-01-20,vigente,,,,1.3,0
cns_00725,cus_synthetic_0126,tpp_001,bank_001,iniciacion de pago unico,accounts:balances|credits:arrears|investments:position|payments:initiate,credits:arrears|payments:initiate,consent-notice-v3,sca-app,web,2026-01-17,2027-01-12,expirado,,,,7.2,0
cns_00726,cus_synthetic_0263,tpp_008,bank_004,salud financiera,accounts:balances|accounts:transactions|investments:position,accounts:balances|accounts:transactions,consent-notice-v3,sca-app,web,2026-04-01,2027-03-27,revocado,2026-04-01,institucion,ya no lo uso,2.1,1
cns_00727,cus_synthetic_0190,tpp_006,bank_002,salud financiera,investments:position,investments:position,consent-notice-v2,sca-otp,movil,2026-02-18,2027-02-13,vigente,,,,0.8,0
cns_00728,cus_synthetic_0163,tpp_011,bank_005,salud financiera,credits:position|investments:position,credits:position|investments:position,consent-notice-v3,sca-otp,movil,2026-02-19,2026-08-18,vigente,,,,4.0,0
cns_00729,cus_synthetic_0377,tpp_004,bank_005,salud financiera,accounts:balances|credits:arrears|payments:initiate,credits:arrears,consent-notice-v3,sca-app,movil,2026-04-07,2027-04-02,expirado,,,,3.6,0
cns_00730,cus_synthetic_0133,tpp_005,bank_004,categorizacion de gastos,accounts:balances|accounts:list|accounts:transactions|credits:position|payments:initiate,accounts:balances|accounts:transactions|credits:position|payments:initiate,consent-notice-v3,sca-biometria,movil,2026-03-11,2027-03-06,rechazado,,,,2.4,0
cns_00731,cus_synthetic_0287,tpp_004,bank_001,categorizacion de gastos,accounts:balances|accounts:transactions|credits:arrears,accounts:balances|accounts:transactions,consent-notice-v3,sca-app,web,2026-07-04,2027-06-29,vigente,,,,3.6,0
cns_00732,cus_synthetic_0397,tpp_010,bank_003,salud financiera,accounts:balances|accounts:list|accounts:transactions|credits:position|investments:position,accounts:balances|accounts:list|investments:position,consent-notice-v2,sca-app,web,2026-06-16,2026-09-14,revocado,2026-06-19,cliente,ya no lo uso,6.1,0
cns_00733,cus_synthetic_0123,tpp_001,bank_005,panel de posicion consolidada,accounts:balances|accounts:list|credits:arrears|investments:position,accounts:balances|accounts:list|credits:arrears|investments:position,consent-notice-v3,sca-app,web,2026-01-11,2027-01-06,revocado,2026-01-14,cliente,ya no lo uso,3.5,0
cns_00734,cus_synthetic_0086,tpp_002,bank_005,panel de posicion consolidada,accounts:balances|accounts:transactions|credits:arrears|credits:position|payments:initiate,accounts:balances|accounts:transactions|credits:position|payments:initiate,consent-notice-v3,sca-otp,movil,2026-05-17,2027-05-12,vigente,,,,2.4,0
cns_00735,cus_synthetic_0396,tpp_003,bank_002,salud financiera,accounts:transactions|investments:position|payments:initiate,accounts:transactions|investments:position|payments:initiate,consent-notice-v3,sca-app,web,2026-04-29,2026-07-28,vigente,,,,1.9,0
cns_00736,cus_synthetic_0265,tpp_005,bank_005,salud financiera,accounts:transactions|credits:arrears|investments:position|payments:initiate,credits:arrears|payments:initiate,consent-notice-v2,sca-otp,web,2026-04-13,2026-07-12,revocado,2026-04-13,cliente,cambio de aplicacion,1.2,0
cns_00737,cus_synthetic_0257,tpp_002,bank_004,iniciacion de pago unico,accounts:transactions|credits:arrears|credits:position|investments:position,accounts:transactions|credits:arrears|credits:position|investments:position,consent-notice-v3,sca-app,movil,2026-03-15,2027-03-10,vigente,,,,3.8,0
cns_00738,cus_synthetic_0117,tpp_006,bank_004,categorizacion de gastos,accounts:list|credits:position|payments:initiate,accounts:list|payments:initiate,consent-notice-v2,sca-app,movil,2026-02-01,2026-07-31,expirado,,,,2.9,0
cns_00739,cus_synthetic_0240,tpp_006,bank_003,comparador de credito,accounts:list|accounts:transactions|credits:arrears|investments:position|payments:initiate,accounts:list|accounts:transactions|investments:position|payments:initiate,consent-notice-v2,sca-biometria,web,2026-01-13,2026-07-12,vigente,,,,3.1,0
cns_00740,cus_synthetic_0165,tpp_005,bank_005,iniciacion de pago unico,payments:initiate,payments:initiate,consent-notice-v3,sca-biometria,movil,2026-05-29,2026-11-25,vigente,,,,1.7,0
cns_00741,cus_synthetic_0370,tpp_011,bank_002,comparador de credito,accounts:list|accounts:transactions|credits:position|investments:position|payments:initiate,accounts:list|accounts:transactions|credits:position|investments:position,consent-notice-v2,sca-otp,web,2026-03-24,2027-03-19,vigente,,,,4.8,0
cns_00742,cus_synthetic_0211,tpp_011,bank_002,categorizacion de gastos,accounts:list|credits:arrears|investments:position|payments:initiate,investments:position|payments:initiate,consent-notice-v2,sca-otp,movil,2026-06-10,2026-12-07,vigente,,,,3.4,0
cns_00743,cus_synthetic_0121,tpp_007,bank_005,iniciacion de pago unico,accounts:balances|accounts:list|investments:position,accounts:balances|accounts:list,consent-notice-v2,sca-otp,movil,2026-01-28,2026-07-27,vigente,,,,4.5,0
cns_00744,cus_synthetic_0017,tpp_006,bank_002,comparador de credito,accounts:transactions|credits:arrears|credits:position|investments:position,accounts:transactions|credits:arrears|credits:position,consent-notice-v3,sca-app,web,2026-04-22,2026-10-19,vigente,,,,1.4,0
cns_00745,cus_synthetic_0260,tpp_009,bank_001,categorizacion de gastos,accounts:balances|accounts:list|accounts:transactions|credits:arrears|investments:position|payments:initiate,accounts:balances|accounts:list|accounts:transactions|investments:position,consent-notice-v3,sca-biometria,movil,2026-04-10,2027-04-05,revocado,2026-04-11,institucion,no indicado,5.1,0
cns_00746,cus_synthetic_0158,tpp_009,bank_001,categorizacion de gastos,accounts:list|accounts:transactions|credits:position|investments:position,accounts:list|accounts:transactions|credits:position|investments:position,consent-notice-v2,sca-biometria,movil,2026-06-21,2027-06-16,vigente,,,,1.7,0
cns_00747,cus_synthetic_0105,tpp_012,bank_005,iniciacion de pago unico,accounts:balances|accounts:transactions,accounts:balances|accounts:transactions,consent-notice-v3,sca-app,web,2026-01-14,2026-07-13,rechazado,,,,1.6,0
cns_00748,cus_synthetic_0386,tpp_008,bank_002,salud financiera,accounts:balances|accounts:transactions|credits:position|investments:position,accounts:balances|accounts:transactions|credits:position|investments:position,consent-notice-v3,sca-biometria,movil,2026-05-17,2026-11-13,vigente,,,,2.7,0
cns_00749,cus_synthetic_0196,tpp_009,bank_005,iniciacion de pago unico,investments:position,investments:position,consent-notice-v2,sca-biometria,web,2026-07-03,2027-06-28,vigente,,,,1.5,0
cns_00750,cus_synthetic_0022,tpp_002,bank_003,categorizacion de gastos,accounts:balances|accounts:list|accounts:transactions|credits:arrears|investments:position|payments:initiate,accounts:balances|accounts:list|credits:arrears|payments:initiate,consent-notice-v2,sca-app,web,2026-05-13,2026-11-09,expirado,,,,1.3,0
cns_00751,cus_synthetic_0029,tpp_005,bank_002,comparador de credito,accounts:transactions|credits:arrears|credits:position|payments:initiate,accounts:transactions|credits:position|payments:initiate,consent-notice-v3,sca-biometria,movil,2026-02-27,2027-02-22,expirado,,,,2.0,0
cns_00752,cus_synthetic_0092,tpp_001,bank_003,iniciacion de pago unico,accounts:balances|accounts:list|credits:arrears|payments:initiate,accounts:balances|credits:arrears,consent-notice-v2,sca-otp,movil,2026-04-11,2027-04-06,vigente,,,,5.2,0
cns_00753,cus_synthetic_0047,tpp_011,bank_001,categorizacion de gastos,accounts:balances|accounts:list|accounts:transactions|credits:arrears|investments:position,accounts:balances|accounts:list|investments:position,consent-notice-v3,sca-otp,web,2026-06-12,2027-06-07,vigente,,,,2.0,0
cns_00754,cus_synthetic_0132,tpp_005,bank_003,comparador de credito,accounts:transactions,accounts:transactions,consent-notice-v2,sca-app,movil,2026-03-23,2027-03-18,expirado,,,,5.3,0
cns_00755,cus_synthetic_0072,tpp_008,bank_004,salud financiera,accounts:balances|accounts:transactions|credits:arrears|credits:position,accounts:balances|accounts:transactions|credits:arrears|credits:position,consent-notice-v2,sca-otp,web,2026-04-22,2026-10-19,vigente,,,,2.4,0
cns_00756,cus_synthetic_0266,tpp_011,bank_004,salud financiera,accounts:transactions|credits:arrears|credits:position|payments:initiate,accounts:transactions|credits:arrears|credits:position|payments:initiate,consent-notice-v3,sca-otp,web,2026-05-11,2026-11-07,expirado,,,,4.4,0
cns_00757,cus_synthetic_0270,tpp_005,bank_003,iniciacion de pago unico,accounts:balances|accounts:list|credits:arrears|investments:position|payments:initiate,accounts:list|credits:arrears|investments:position|payments:initiate,consent-notice-v2,sca-otp,web,2026-06-06,2026-09-04,vigente,,,,2.8,0
cns_00758,cus_synthetic_0121,tpp_012,bank_001,iniciacion de pago unico,credits:arrears|credits:position|investments:position|payments:initiate,credits:position|investments:position|payments:initiate,consent-notice-v2,sca-app,web,2026-04-10,2027-04-05,vigente,,,,2.9,0
cns_00759,cus_synthetic_0214,tpp_004,bank_002,iniciacion de pago unico,accounts:list|investments:position,investments:position,consent-notice-v3,sca-app,web,2026-04-26,2027-04-21,revocado,2026-05-03,institucion,no reconozco al proveedor,1.0,0
cns_00760,cus_synthetic_0255,tpp_007,bank_005,salud financiera,accounts:list|accounts:transactions,accounts:list,consent-notice-v2,sca-biometria,web,2026-06-10,2027-06-05,expirado,,,,9.5,0
cns_00761,cus_synthetic_0030,tpp_005,bank_002,categorizacion de gastos,accounts:transactions|credits:arrears|investments:position|payments:initiate,accounts:transactions|credits:arrears|investments:position|payments:initiate,consent-notice-v2,sca-biometria,web,2026-03-25,2027-03-20,vigente,,,,1.8,0
cns_00762,cus_synthetic_0168,tpp_001,bank_001,comparador de credito,credits:position|payments:initiate,credits:position,consent-notice-v2,sca-otp,web,2026-04-18,2027-04-13,vigente,,,,1.5,0
cns_00763,cus_synthetic_0332,tpp_005,bank_002,salud financiera,accounts:balances|accounts:transactions|investments:position,accounts:balances|accounts:transactions|investments:position,consent-notice-v2,sca-biometria,web,2026-03-06,2027-03-01,vigente,,,,2.0,0
cns_00764,cus_synthetic_0209,tpp_003,bank_002,comparador de credito,accounts:balances|accounts:list|credits:arrears|credits:position|investments:position,accounts:balances|accounts:list|credits:position|investments:position,consent-notice-v3,sca-app,movil,2026-05-21,2026-11-17,rechazado,,,,3.0,0
cns_00765,cus_synthetic_0019,tpp_004,bank_004,panel de posicion consolidada,accounts:balances|accounts:list|credits:arrears|investments:position|payments:initiate,accounts:balances|accounts:list|payments:initiate,consent-notice-v3,sca-otp,web,2026-02-14,2027-02-09,vigente,,,,4.0,0
cns_00766,cus_synthetic_0205,tpp_006,bank_005,iniciacion de pago unico,accounts:transactions|credits:arrears|credits:position|investments:position|payments:initiate,credits:arrears|credits:position|payments:initiate,consent-notice-v3,sca-app,web,2026-04-02,2026-07-01,vigente,,,,2.2,0
cns_00767,cus_synthetic_0132,tpp_009,bank_004,panel de posicion consolidada,investments:position|payments:initiate,investments:position|payments:initiate,consent-notice-v2,sca-app,movil,2026-05-12,2027-05-07,revocado,2026-08-02,cliente,cese de la relacion,4.1,0
cns_00768,cus_synthetic_0098,tpp_006,bank_003,panel de posicion consolidada,accounts:balances|accounts:list|credits:arrears,credits:arrears,consent-notice-v2,sca-otp,web,2026-05-13,2026-08-11,rechazado,,,,2.8,0
cns_00769,cus_synthetic_0227,tpp_003,bank_001,categorizacion de gastos,credits:arrears|payments:initiate,credits:arrears|payments:initiate,consent-notice-v2,sca-biometria,movil,2026-04-23,2026-10-20,vigente,,,,2.8,0
cns_00770,cus_synthetic_0275,tpp_005,bank_001,comparador de credito,accounts:list|payments:initiate,accounts:list|payments:initiate,consent-notice-v2,sca-otp,web,2026-03-10,2026-09-06,vigente,,,,1.6,0
cns_00771,cus_synthetic_0290,tpp_008,bank_001,categorizacion de gastos,accounts:balances|accounts:list|accounts:transactions,accounts:balances|accounts:list|accounts:transactions,consent-notice-v3,sca-biometria,web,2026-02-07,2026-08-06,rechazado,,,,4.4,0
cns_00772,cus_synthetic_0090,tpp_011,bank_003,iniciacion de pago unico,accounts:balances|credits:arrears|credits:position,credits:arrears,consent-notice-v3,sca-biometria,web,2026-06-30,2027-06-25,vigente,,,,11.9,0
cns_00773,cus_synthetic_0234,tpp_006,bank_002,comparador de credito,accounts:balances|accounts:list|credits:position|payments:initiate,accounts:list|credits:position|payments:initiate,consent-notice-v3,sca-app,web,2026-01-29,2026-04-29,vigente,,,,8.4,0
cns_00774,cus_synthetic_0180,tpp_009,bank_001,panel de posicion consolidada,accounts:transactions|credits:arrears|credits:position|investments:position|payments:initiate,accounts:transactions|credits:arrears|investments:position|payments:initiate,consent-notice-v3,sca-biometria,movil,2026-04-17,2027-04-12,vigente,,,,1.2,0
cns_00775,cus_synthetic_0352,tpp_004,bank_001,iniciacion de pago unico,accounts:list|accounts:transactions|credits:arrears,accounts:transactions,consent-notice-v2,sca-biometria,movil,2026-01-06,2026-07-05,revocado,2026-03-28,institucion,ya no lo uso,3.4,0
cns_00776,cus_synthetic_0394,tpp_009,bank_001,panel de posicion consolidada,accounts:balances|credits:arrears|credits:position|investments:position|payments:initiate,accounts:balances|credits:arrears|investments:position|payments:initiate,consent-notice-v3,sca-otp,movil,2026-01-14,2027-01-09,vigente,,,,1.6,0
cns_00777,cus_synthetic_0050,tpp_004,bank_003,comparador de credito,accounts:list|credits:arrears|investments:position,investments:position,consent-notice-v2,sca-app,movil,2026-01-08,2026-07-07,revocado,2026-03-12,cliente,cese de la relacion,1.5,0
cns_00778,cus_synthetic_0353,tpp_002,bank_002,panel de posicion consolidada,accounts:list|credits:arrears|investments:position|payments:initiate,accounts:list|credits:arrears,consent-notice-v3,sca-otp,web,2026-03-30,2026-09-26,vigente,,,,2.0,0
cns_00779,cus_synthetic_0092,tpp_012,bank_002,salud financiera,accounts:transactions|credits:arrears,credits:arrears,consent-notice-v2,sca-app,web,2026-03-21,2027-03-16,vigente,,,,3.0,0
cns_00780,cus_synthetic_0313,tpp_011,bank_004,iniciacion de pago unico,accounts:balances|credits:arrears|credits:position,accounts:balances|credits:arrears|credits:position,consent-notice-v3,sca-biometria,movil,2026-02-13,2027-02-08,vigente,,,,2.5,0
cns_00781,cus_synthetic_0260,tpp_007,bank_001,panel de posicion consolidada,accounts:balances|credits:arrears|credits:position|payments:initiate,accounts:balances|credits:arrears|credits:position|payments:initiate,consent-notice-v2,sca-biometria,web,2026-04-10,2026-10-07,vigente,,,,7.5,0
cns_00782,cus_synthetic_0386,tpp_007,bank_005,iniciacion de pago unico,accounts:list|credits:arrears|credits:position,credits:arrears|credits:position,consent-notice-v3,sca-otp,movil,2026-06-02,2026-08-31,vigente,,,,1.2,0
cns_00783,cus_synthetic_0309,tpp_010,bank_002,salud financiera,accounts:balances|accounts:list|accounts:transactions|investments:position,accounts:balances|accounts:list|accounts:transactions|investments:position,consent-notice-v2,sca-app,movil,2026-06-12,2026-09-10,vigente,,,,2.0,0
cns_00784,cus_synthetic_0326,tpp_002,bank_001,categorizacion de gastos,accounts:balances|credits:arrears|investments:position,credits:arrears,consent-notice-v2,sca-otp,web,2026-01-12,2027-01-07,revocado,2026-01-23,cliente,no indicado,3.8,0
cns_00785,cus_synthetic_0232,tpp_005,bank_002,iniciacion de pago unico,accounts:balances|accounts:list|accounts:transactions|investments:position,accounts:transactions|investments:position,consent-notice-v3,sca-biometria,movil,2026-05-22,2027-05-17,vigente,,,,2.7,0
cns_00786,cus_synthetic_0018,tpp_007,bank_001,comparador de credito,credits:position|payments:initiate,credits:position|payments:initiate,consent-notice-v3,sca-app,web,2026-06-13,2027-06-08,vigente,,,,1.6,0
cns_00787,cus_synthetic_0283,tpp_005,bank_005,iniciacion de pago unico,accounts:list|credits:arrears|credits:position|investments:position|payments:initiate,credits:arrears|credits:position|payments:initiate,consent-notice-v2,sca-biometria,movil,2026-05-05,2027-04-30,vigente,,,,2.2,0
cns_00788,cus_synthetic_0141,tpp_002,bank_005,salud financiera,accounts:balances|accounts:transactions|credits:arrears|credits:position|investments:position,accounts:transactions|credits:arrears|credits:position|investments:position,consent-notice-v3,sca-biometria,movil,2026-04-15,2026-07-14,vigente,,,,2.3,0
cns_00789,cus_synthetic_0362,tpp_002,bank_003,salud financiera,accounts:transactions|credits:arrears,credits:arrears,consent-notice-v2,sca-otp,movil,2026-01-19,2027-01-14,vigente,,,,1.3,0
cns_00790,cus_synthetic_0155,tpp_003,bank_004,comparador de credito,accounts:balances|accounts:transactions|investments:position,accounts:balances|accounts:transactions|investments:position,consent-notice-v2,sca-otp,movil,2026-01-31,2027-01-26,vigente,,,,3.8,0
cns_00791,cus_synthetic_0296,tpp_003,bank_004,salud financiera,accounts:balances|accounts:list|credits:arrears|investments:position,accounts:list|investments:position,consent-notice-v2,sca-otp,web,2026-06-09,2026-09-07,vigente,,,,2.6,0
cns_00792,cus_synthetic_0191,tpp_001,bank_001,salud financiera,accounts:list|credits:arrears|investments:position,credits:arrears,consent-notice-v2,sca-biometria,web,2026-03-04,2026-06-02,vigente,,,,4.5,0
cns_00793,cus_synthetic_0170,tpp_005,bank_002,salud financiera,accounts:transactions|credits:position|investments:position|payments:initiate,accounts:transactions|credits:position|investments:position|payments:initiate,consent-notice-v3,sca-biometria,web,2026-02-13,2026-05-14,vigente,,,,3.8,0
cns_00794,cus_synthetic_0198,tpp_010,bank_005,comparador de credito,accounts:list|credits:arrears|investments:position|payments:initiate,accounts:list|credits:arrears|investments:position|payments:initiate,consent-notice-v3,sca-otp,web,2026-04-07,2027-04-02,vigente,,,,4.6,0
cns_00795,cus_synthetic_0224,tpp_010,bank_003,categorizacion de gastos,accounts:balances|accounts:list|investments:position,accounts:balances|investments:position,consent-notice-v2,sca-biometria,movil,2026-02-26,2026-05-27,vigente,,,,2.9,0
cns_00796,cus_synthetic_0257,tpp_012,bank_005,iniciacion de pago unico,accounts:balances|accounts:transactions,accounts:balances|accounts:transactions,consent-notice-v2,sca-app,movil,2026-03-19,2026-06-17,vigente,,,,1.6,0
cns_00797,cus_synthetic_0326,tpp_002,bank_002,categorizacion de gastos,accounts:list|credits:arrears|investments:position,credits:arrears|investments:position,consent-notice-v3,sca-app,movil,2026-05-20,2027-05-15,vigente,,,,1.3,0
cns_00798,cus_synthetic_0017,tpp_004,bank_003,panel de posicion consolidada,accounts:balances|accounts:list|credits:arrears|payments:initiate,credits:arrears|payments:initiate,consent-notice-v3,sca-app,movil,2026-04-13,2027-04-08,revocado,2026-06-21,cliente,ya no lo uso,2.6,0
cns_00799,cus_synthetic_0200,tpp_011,bank_005,iniciacion de pago unico,accounts:balances|accounts:list|accounts:transactions|credits:arrears|credits:position|payments:initiate,accounts:transactions|credits:arrears|credits:position|payments:initiate,consent-notice-v2,sca-biometria,web,2026-03-07,2026-06-05,vigente,,,,5.2,0
cns_00800,cus_synthetic_0151,tpp_007,bank_003,salud financiera,accounts:balances,accounts:balances,consent-notice-v2,sca-biometria,web,2026-01-13,2027-01-08,revocado,2026-04-10,institucion,no reconozco al proveedor,7.4,0
cns_00801,cus_synthetic_0018,tpp_003,bank_001,comparador de credito,accounts:list,accounts:list,consent-notice-v2,sca-biometria,web,2026-02-18,2027-02-13,vigente,,,,1.4,0
cns_00802,cus_synthetic_0065,tpp_002,bank_005,panel de posicion consolidada,accounts:balances|accounts:transactions|credits:arrears|investments:position,accounts:balances|accounts:transactions|investments:position,consent-notice-v3,sca-otp,web,2026-01-21,2027-01-16,vigente,,,,2.0,0
cns_00803,cus_synthetic_0033,tpp_005,bank_004,panel de posicion consolidada,accounts:list|credits:arrears,accounts:list|credits:arrears,consent-notice-v3,sca-otp,movil,2026-03-02,2026-05-31,expirado,,,,3.2,0
cns_00804,cus_synthetic_0014,tpp_008,bank_004,salud financiera,accounts:balances|accounts:list|accounts:transactions|credits:position,accounts:balances|accounts:list|accounts:transactions|credits:position,consent-notice-v2,sca-biometria,web,2026-04-07,2027-04-02,revocado,2026-04-12,cliente,cambio de aplicacion,0.6,0
cns_00805,cus_synthetic_0275,tpp_006,bank_002,salud financiera,accounts:list|credits:position|investments:position|payments:initiate,accounts:list|investments:position,consent-notice-v3,sca-app,web,2026-06-01,2026-11-28,vigente,,,,1.5,0
cns_00806,cus_synthetic_0258,tpp_007,bank_004,categorizacion de gastos,accounts:transactions|credits:arrears|credits:position|investments:position|payments:initiate,accounts:transactions|credits:arrears|investments:position|payments:initiate,consent-notice-v2,sca-otp,movil,2026-04-09,2026-07-08,vigente,,,,1.4,0
cns_00807,cus_synthetic_0352,tpp_012,bank_001,categorizacion de gastos,accounts:balances|accounts:list|accounts:transactions|investments:position,accounts:balances|accounts:list|investments:position,consent-notice-v3,sca-otp,movil,2026-06-05,2026-09-03,revocado,2026-06-06,cliente,no reconozco al proveedor,2.3,0
cns_00808,cus_synthetic_0103,tpp_012,bank_003,comparador de credito,accounts:balances|accounts:list|accounts:transactions|credits:position|investments:position|payments:initiate,accounts:list|credits:position|investments:position|payments:initiate,consent-notice-v3,sca-biometria,web,2026-02-21,2026-05-22,vigente,,,,1.3,0
cns_00809,cus_synthetic_0150,tpp_008,bank_003,comparador de credito,accounts:transactions|payments:initiate,accounts:transactions|payments:initiate,consent-notice-v3,sca-app,movil,2026-05-21,2026-11-17,revocado,2026-08-10,cliente,no indicado,1.8,0
cns_00810,cus_synthetic_0335,tpp_008,bank_005,categorizacion de gastos,accounts:list|credits:arrears|credits:position|payments:initiate,accounts:list|credits:arrears|credits:position|payments:initiate,consent-notice-v3,sca-otp,movil,2026-06-07,2027-06-02,vigente,,,,6.5,0
cns_00811,cus_synthetic_0380,tpp_009,bank_004,salud financiera,accounts:balances|credits:arrears|credits:position|investments:position,accounts:balances|credits:position|investments:position,consent-notice-v2,sca-app,movil,2026-04-07,2027-04-02,revocado,2026-04-08,cliente,cambio de aplicacion,3.9,0
cns_00812,cus_synthetic_0259,tpp_009,bank_005,iniciacion de pago unico,accounts:balances|accounts:transactions|investments:position,accounts:transactions,consent-notice-v3,sca-biometria,movil,2026-03-22,2026-06-20,vigente,,,,2.5,0
cns_00813,cus_synthetic_0225,tpp_011,bank_003,salud financiera,accounts:balances|credits:position|investments:position|payments:initiate,accounts:balances|credits:position|payments:initiate,consent-notice-v2,sca-biometria,web,2026-05-06,2027-05-01,revocado,2026-08-02,cliente,cese de la relacion,5.7,0
cns_00814,cus_synthetic_0030,tpp_005,bank_002,salud financiera,accounts:balances|accounts:list,accounts:balances,consent-notice-v2,sca-biometria,web,2026-03-07,2027-03-02,expirado,,,,1.5,0
cns_00815,cus_synthetic_0188,tpp_008,bank_003,comparador de credito,accounts:list|credits:position|investments:position|payments:initiate,accounts:list|credits:position|investments:position|payments:initiate,consent-notice-v3,sca-otp,movil,2026-06-09,2027-06-04,vigente,,,,1.7,0
cns_00816,cus_synthetic_0246,tpp_008,bank_002,panel de posicion consolidada,accounts:list|accounts:transactions|credits:position|payments:initiate,accounts:list|credits:position|payments:initiate,consent-notice-v3,sca-biometria,movil,2026-01-28,2026-04-28,expirado,,,,2.2,0
cns_00817,cus_synthetic_0269,tpp_002,bank_003,comparador de credito,accounts:list|credits:arrears|investments:position,accounts:list|credits:arrears|investments:position,consent-notice-v2,sca-app,movil,2026-03-16,2027-03-11,vigente,,,,3.8,0
cns_00818,cus_synthetic_0051,tpp_006,bank_004,panel de posicion consolidada,credits:position|investments:position,credits:position,consent-notice-v3,sca-otp,movil,2026-04-11,2026-10-08,vigente,,,,0.8,0
cns_00819,cus_synthetic_0041,tpp_011,bank_004,panel de posicion consolidada,accounts:balances|accounts:list|accounts:transactions|credits:arrears|investments:position|payments:initiate,accounts:balances|accounts:list|credits:arrears|investments:position,consent-notice-v3,sca-otp,movil,2026-04-15,2026-07-14,vigente,,,,2.4,0
cns_00820,cus_synthetic_0150,tpp_008,bank_003,salud financiera,accounts:balances|credits:arrears,accounts:balances|credits:arrears,consent-notice-v3,sca-app,web,2026-06-03,2027-05-29,revocado,2026-08-10,cliente,cese de la relacion,3.8,0
cns_00821,cus_synthetic_0232,tpp_012,bank_001,comparador de credito,credits:arrears|investments:position,credits:arrears|investments:position,consent-notice-v2,sca-biometria,web,2026-03-17,2027-03-12,vigente,,,,4.2,0
cns_00822,cus_synthetic_0253,tpp_008,bank_001,categorizacion de gastos,accounts:list|accounts:transactions|investments:position|payments:initiate,accounts:list|accounts:transactions|investments:position,consent-notice-v2,sca-app,web,2026-06-25,2027-06-20,vigente,,,,2.1,0
cns_00823,cus_synthetic_0083,tpp_012,bank_001,iniciacion de pago unico,accounts:list,accounts:list,consent-notice-v2,sca-app,web,2026-01-08,2027-01-03,vigente,,,,5.1,0
cns_00824,cus_synthetic_0073,tpp_007,bank_002,comparador de credito,accounts:list|accounts:transactions|payments:initiate,accounts:list,consent-notice-v3,sca-otp,web,2026-06-16,2027-06-11,vigente,,,,4.7,1
cns_00825,cus_synthetic_0263,tpp_010,bank_002,salud financiera,accounts:transactions|investments:position,accounts:transactions|investments:position,consent-notice-v2,sca-otp,web,2026-03-04,2026-08-31,vigente,,,,4.2,0
cns_00826,cus_synthetic_0380,tpp_007,bank_002,salud financiera,accounts:list|accounts:transactions|credits:arrears,accounts:list|accounts:transactions|credits:arrears,consent-notice-v2,sca-otp,web,2026-06-29,2027-06-24,vigente,,,,4.1,0
cns_00827,cus_synthetic_0223,tpp_008,bank_002,categorizacion de gastos,accounts:balances|accounts:list|payments:initiate,accounts:balances|accounts:list,consent-notice-v2,sca-biometria,movil,2026-04-22,2027-04-17,vigente,,,,8.0,0
cns_00828,cus_synthetic_0266,tpp_010,bank_001,salud financiera,accounts:transactions|credits:arrears|investments:position|payments:initiate,credits:arrears|payments:initiate,consent-notice-v3,sca-otp,movil,2026-02-20,2026-05-21,vigente,,,,4.6,0
cns_00829,cus_synthetic_0171,tpp_011,bank_001,panel de posicion consolidada,accounts:balances|accounts:list|accounts:transactions|credits:arrears|credits:position,accounts:list|accounts:transactions|credits:arrears,consent-notice-v2,sca-app,web,2026-02-08,2027-02-03,revocado,2026-02-13,cliente,ya no lo uso,2.1,0
cns_00830,cus_synthetic_0309,tpp_001,bank_005,panel de posicion consolidada,accounts:balances|credits:position|investments:position,accounts:balances|credits:position|investments:position,consent-notice-v3,sca-app,movil,2026-06-04,2027-05-30,revocado,2026-06-06,cliente,no reconozco al proveedor,5.1,0
cns_00831,cus_synthetic_0222,tpp_001,bank_005,salud financiera,accounts:list|credits:arrears|credits:position|payments:initiate,credits:arrears|credits:position,consent-notice-v3,sca-app,web,2026-02-07,2026-08-06,vigente,,,,3.8,0
cns_00832,cus_synthetic_0251,tpp_007,bank_003,panel de posicion consolidada,accounts:balances|accounts:list|payments:initiate,accounts:balances|accounts:list|payments:initiate,consent-notice-v2,sca-biometria,web,2026-03-21,2027-03-16,rechazado,,,,3.2,0
cns_00833,cus_synthetic_0051,tpp_011,bank_001,iniciacion de pago unico,accounts:balances|credits:position,accounts:balances,consent-notice-v2,sca-app,movil,2026-03-02,2026-08-29,vigente,,,,5.4,0
cns_00834,cus_synthetic_0244,tpp_011,bank_005,salud financiera,accounts:balances|accounts:list|accounts:transactions|credits:arrears|credits:position,accounts:list|accounts:transactions|credits:arrears|credits:position,consent-notice-v3,sca-otp,web,2026-05-10,2027-05-05,vigente,,,,4.9,0
cns_00835,cus_synthetic_0372,tpp_001,bank_004,categorizacion de gastos,accounts:balances|accounts:list|accounts:transactions|credits:arrears|payments:initiate,accounts:balances|accounts:transactions|credits:arrears|payments:initiate,consent-notice-v2,sca-app,movil,2026-06-04,2026-09-02,vigente,,,,4.7,0
cns_00836,cus_synthetic_0400,tpp_009,bank_004,comparador de credito,accounts:balances|accounts:list|accounts:transactions|investments:position|payments:initiate,accounts:list|accounts:transactions|investments:position,consent-notice-v3,sca-app,movil,2026-03-07,2026-06-05,expirado,,,,4.0,0
cns_00837,cus_synthetic_0367,tpp_008,bank_004,salud financiera,accounts:balances|credits:arrears|credits:position,credits:arrears|credits:position,consent-notice-v2,sca-otp,web,2026-01-12,2027-01-07,revocado,2026-01-14,cliente,cese de la relacion,7.0,0
cns_00838,cus_synthetic_0315,tpp_003,bank_002,comparador de credito,accounts:balances|accounts:transactions|credits:arrears|credits:position|payments:initiate,accounts:balances|accounts:transactions|payments:initiate,consent-notice-v2,sca-otp,movil,2026-02-04,2027-01-30,vigente,,,,4.4,0
cns_00839,cus_synthetic_0073,tpp_001,bank_004,salud financiera,accounts:transactions|payments:initiate,payments:initiate,consent-notice-v3,sca-biometria,movil,2026-04-04,2026-07-03,vigente,,,,2.8,0
cns_00840,cus_synthetic_0358,tpp_005,bank_002,salud financiera,accounts:list|payments:initiate,accounts:list|payments:initiate,consent-notice-v2,sca-biometria,web,2026-02-24,2027-02-19,vigente,,,,5.8,0
cns_00841,cus_synthetic_0297,tpp_007,bank_001,iniciacion de pago unico,accounts:balances|accounts:transactions|investments:position,accounts:balances,consent-notice-v2,sca-otp,movil,2026-05-02,2027-04-27,revocado,2026-05-05,cliente,cambio de aplicacion,0.8,0
cns_00842,cus_synthetic_0207,tpp_007,bank_001,categorizacion de gastos,accounts:balances|credits:arrears|investments:position,accounts:balances,consent-notice-v3,sca-app,movil,2026-06-22,2026-12-19,vigente,,,,4.1,0
cns_00843,cus_synthetic_0103,tpp_005,bank_002,comparador de credito,accounts:balances|accounts:list|credits:arrears|investments:position|payments:initiate,accounts:balances|investments:position|payments:initiate,consent-notice-v2,sca-biometria,web,2026-01-07,2027-01-02,vigente,,,,4.0,0
cns_00844,cus_synthetic_0291,tpp_006,bank_004,comparador de credito,accounts:balances|accounts:transactions|credits:position|investments:position,accounts:balances|accounts:transactions|investments:position,consent-notice-v3,sca-otp,web,2026-02-20,2027-02-15,vigente,,,,2.6,0
cns_00845,cus_synthetic_0175,tpp_007,bank_003,comparador de credito,accounts:balances|accounts:list|investments:position,accounts:list|investments:position,consent-notice-v3,sca-biometria,web,2026-02-03,2026-05-04,vigente,,,,2.1,0
cns_00846,cus_synthetic_0070,tpp_008,bank_004,comparador de credito,accounts:balances|credits:arrears|credits:position|investments:position,accounts:balances|credits:arrears|investments:position,consent-notice-v2,sca-biometria,web,2026-04-25,2026-10-22,vigente,,,,3.7,0
cns_00847,cus_synthetic_0067,tpp_011,bank_002,iniciacion de pago unico,accounts:list|accounts:transactions|payments:initiate,accounts:list,consent-notice-v3,sca-otp,movil,2026-02-05,2027-01-31,vigente,,,,3.5,1
cns_00848,cus_synthetic_0020,tpp_002,bank_004,panel de posicion consolidada,credits:arrears|investments:position,credits:arrears|investments:position,consent-notice-v3,sca-app,web,2026-06-27,2027-06-22,expirado,,,,3.3,0
cns_00849,cus_synthetic_0131,tpp_008,bank_002,panel de posicion consolidada,accounts:transactions|credits:arrears|payments:initiate,accounts:transactions|credits:arrears|payments:initiate,consent-notice-v2,sca-app,web,2026-01-10,2026-07-09,expirado,,,,4.7,0
cns_00850,cus_synthetic_0385,tpp_002,bank_003,panel de posicion consolidada,accounts:balances|accounts:transactions|credits:arrears|credits:position|investments:position,accounts:transactions|credits:arrears|credits:position|investments:position,consent-notice-v2,sca-app,web,2026-04-23,2027-04-18,vigente,,,,3.6,0
cns_00851,cus_synthetic_0004,tpp_009,bank_001,comparador de credito,accounts:balances|accounts:list|credits:arrears|investments:position|payments:initiate,accounts:balances|accounts:list|investments:position,consent-notice-v2,sca-biometria,movil,2026-05-21,2026-08-19,vigente,,,,1.4,0
cns_00852,cus_synthetic_0152,tpp_002,bank_001,salud financiera,accounts:balances|accounts:transactions|credits:position|investments:position,accounts:transactions|credits:position|investments:position,consent-notice-v3,sca-otp,web,2026-06-11,2026-09-09,vigente,,,,2.9,0
cns_00853,cus_synthetic_0038,tpp_008,bank_001,iniciacion de pago unico,accounts:list|accounts:transactions|credits:arrears|investments:position,accounts:list|accounts:transactions|credits:arrears|investments:position,consent-notice-v3,sca-biometria,movil,2026-02-08,2026-05-09,vigente,,,,4.8,0
cns_00854,cus_synthetic_0366,tpp_011,bank_003,comparador de credito,accounts:balances|accounts:transactions,accounts:transactions,consent-notice-v3,sca-biometria,web,2026-05-04,2026-10-31,revocado,2026-07-13,cliente,no indicado,3.9,0
cns_00855,cus_synthetic_0252,tpp_006,bank_004,comparador de credito,accounts:balances|accounts:list,accounts:list,consent-notice-v3,sca-otp,web,2026-01-25,2026-04-25,revocado,2026-01-25,cliente,cambio de aplicacion,4.6,0
cns_00856,cus_synthetic_0243,tpp_004,bank_003,salud financiera,accounts:list|credits:arrears,credits:arrears,consent-notice-v2,sca-app,web,2026-01-14,2027-01-09,vigente,,,,5.0,0
cns_00857,cus_synthetic_0360,tpp_007,bank_003,iniciacion de pago unico,accounts:balances|accounts:list|payments:initiate,accounts:balances|accounts:list,consent-notice-v2,sca-otp,movil,2026-04-06,2026-10-03,expirado,,,,4.5,0
cns_00858,cus_synthetic_0340,tpp_008,bank_002,panel de posicion consolidada,credits:position|investments:position|payments:initiate,credits:position|investments:position|payments:initiate,consent-notice-v3,sca-app,movil,2026-02-15,2027-02-10,vigente,,,,3.7,0
cns_00859,cus_synthetic_0211,tpp_001,bank_004,comparador de credito,accounts:list|accounts:transactions|credits:position|payments:initiate,accounts:list|accounts:transactions|credits:position,consent-notice-v2,sca-app,web,2026-03-22,2027-03-17,revocado,2026-03-29,cliente,ya no lo uso,4.3,0
cns_00860,cus_synthetic_0065,tpp_010,bank_002,categorizacion de gastos,accounts:balances|payments:initiate,accounts:balances|payments:initiate,consent-notice-v3,sca-otp,movil,2026-01-16,2027-01-11,expirado,,,,1.6,0
cns_00861,cus_synthetic_0131,tpp_005,bank_005,comparador de credito,accounts:balances|credits:arrears|credits:position|investments:position,accounts:balances|credits:arrears|credits:position|investments:position,consent-notice-v2,sca-biometria,web,2026-05-20,2027-05-15,vigente,,,,0.8,0
cns_00862,cus_synthetic_0114,tpp_009,bank_002,comparador de credito,accounts:balances|accounts:list|accounts:transactions|credits:arrears|credits:position,accounts:balances|accounts:transactions|credits:position,consent-notice-v3,sca-otp,movil,2026-03-06,2026-06-04,vigente,,,,0.9,0
cns_00863,cus_synthetic_0261,tpp_012,bank_003,panel de posicion consolidada,accounts:list|credits:arrears|credits:position|investments:position,credits:arrears|investments:position,consent-notice-v2,sca-app,movil,2026-03-04,2026-06-02,revocado,2026-05-21,cliente,cambio de aplicacion,2.8,0
cns_00864,cus_synthetic_0323,tpp_001,bank_004,comparador de credito,accounts:list|credits:position|investments:position|payments:initiate,accounts:list|credits:position|investments:position,consent-notice-v2,sca-app,movil,2026-04-21,2027-04-16,vigente,,,,4.8,0
cns_00865,cus_synthetic_0116,tpp_011,bank_002,comparador de credito,accounts:transactions|credits:position|payments:initiate,accounts:transactions|payments:initiate,consent-notice-v3,sca-otp,web,2026-06-08,2027-06-03,vigente,,,,3.4,0
cns_00866,cus_synthetic_0093,tpp_009,bank_005,categorizacion de gastos,accounts:balances|accounts:list|accounts:transactions|credits:arrears|credits:position,accounts:list|accounts:transactions|credits:arrears,consent-notice-v3,sca-app,movil,2026-03-12,2027-03-07,revocado,2026-03-13,cliente,cambio de aplicacion,2.4,0
cns_00867,cus_synthetic_0187,tpp_002,bank_005,panel de posicion consolidada,investments:position|payments:initiate,investments:position|payments:initiate,consent-notice-v2,sca-biometria,web,2026-03-10,2026-06-08,vigente,,,,2.5,0
cns_00868,cus_synthetic_0389,tpp_004,bank_002,categorizacion de gastos,accounts:list|credits:arrears|credits:position,accounts:list|credits:arrears,consent-notice-v3,sca-biometria,web,2026-04-15,2026-10-12,revocado,2026-04-18,cliente,cese de la relacion,2.2,0
cns_00869,cus_synthetic_0052,tpp_004,bank_005,salud financiera,accounts:list|credits:arrears,credits:arrears,consent-notice-v3,sca-biometria,movil,2026-02-24,2026-05-25,vigente,,,,2.5,0
cns_00870,cus_synthetic_0151,tpp_008,bank_005,categorizacion de gastos,credits:arrears|credits:position|investments:position,credits:arrears|credits:position|investments:position,consent-notice-v3,sca-app,web,2026-04-06,2027-04-01,vigente,,,,2.1,0
cns_00871,cus_synthetic_0210,tpp_012,bank_001,salud financiera,accounts:balances|credits:arrears|credits:position|payments:initiate,accounts:balances|credits:arrears|credits:position,consent-notice-v3,sca-biometria,web,2026-04-06,2026-10-03,vigente,,,,5.4,0
cns_00872,cus_synthetic_0074,tpp_010,bank_003,salud financiera,accounts:transactions|credits:arrears|credits:position|payments:initiate,accounts:transactions|credits:arrears|credits:position|payments:initiate,consent-notice-v3,sca-biometria,movil,2026-01-06,2027-01-01,expirado,,,,6.9,0
cns_00873,cus_synthetic_0383,tpp_012,bank_001,iniciacion de pago unico,accounts:balances|credits:position,accounts:balances,consent-notice-v3,sca-otp,movil,2026-01-31,2026-07-30,revocado,2026-02-03,cliente,no reconozco al proveedor,3.1,0
cns_00874,cus_synthetic_0054,tpp_001,bank_002,salud financiera,accounts:list|accounts:transactions|credits:position|payments:initiate,accounts:list|accounts:transactions,consent-notice-v2,sca-otp,web,2026-02-17,2026-08-16,revocado,2026-04-10,institucion,cambio de aplicacion,1.2,0
cns_00875,cus_synthetic_0400,tpp_002,bank_002,categorizacion de gastos,accounts:list|credits:arrears|investments:position|payments:initiate,credits:arrears|investments:position|payments:initiate,consent-notice-v3,sca-app,movil,2026-05-30,2026-11-26,revocado,2026-05-31,cliente,cambio de aplicacion,5.5,0
cns_00876,cus_synthetic_0097,tpp_001,bank_005,salud financiera,credits:arrears|credits:position,credits:arrears|credits:position,consent-notice-v3,sca-app,movil,2026-06-12,2026-09-10,rechazado,,,,1.7,0
cns_00877,cus_synthetic_0394,tpp_011,bank_004,categorizacion de gastos,accounts:balances|credits:position|investments:position|payments:initiate,investments:position|payments:initiate,consent-notice-v3,sca-biometria,movil,2026-06-06,2027-06-01,vigente,,,,2.3,0
cns_00878,cus_synthetic_0238,tpp_007,bank_002,categorizacion de gastos,accounts:list|accounts:transactions|credits:arrears|credits:position|investments:position,accounts:list|credits:arrears|credits:position|investments:position,consent-notice-v3,sca-biometria,movil,2026-04-13,2027-04-08,vigente,,,,6.6,0
cns_00879,cus_synthetic_0041,tpp_006,bank_005,comparador de credito,accounts:balances|credits:arrears|payments:initiate,accounts:balances|credits:arrears|payments:initiate,consent-notice-v3,sca-biometria,movil,2026-05-23,2026-08-21,vigente,,,,2.7,0
cns_00880,cus_synthetic_0061,tpp_010,bank_004,iniciacion de pago unico,accounts:balances|accounts:list|accounts:transactions|credits:arrears|credits:position,accounts:balances|accounts:transactions|credits:arrears|credits:position,consent-notice-v2,sca-otp,movil,2026-01-13,2026-07-12,revocado,2026-02-17,cliente,cambio de aplicacion,3.1,0
cns_00881,cus_synthetic_0355,tpp_011,bank_002,iniciacion de pago unico,accounts:transactions|credits:arrears|payments:initiate,credits:arrears|payments:initiate,consent-notice-v3,sca-otp,movil,2026-03-19,2026-09-15,rechazado,,,,3.7,1
cns_00882,cus_synthetic_0283,tpp_006,bank_004,salud financiera,accounts:balances|accounts:list|credits:position|investments:position|payments:initiate,accounts:balances|accounts:list|credits:position|payments:initiate,consent-notice-v2,sca-otp,movil,2026-01-05,2026-07-04,vigente,,,,4.8,0
cns_00883,cus_synthetic_0033,tpp_009,bank_004,salud financiera,accounts:transactions|investments:position|payments:initiate,payments:initiate,consent-notice-v3,sca-app,movil,2026-02-17,2027-02-12,vigente,,,,3.3,0
cns_00884,cus_synthetic_0312,tpp_005,bank_002,categorizacion de gastos,accounts:balances|investments:position|payments:initiate,accounts:balances|investments:position|payments:initiate,consent-notice-v3,sca-biometria,movil,2026-02-28,2027-02-23,vigente,,,,3.8,0
cns_00885,cus_synthetic_0119,tpp_005,bank_004,salud financiera,accounts:balances|accounts:list|accounts:transactions|investments:position|payments:initiate,accounts:balances|investments:position|payments:initiate,consent-notice-v2,sca-app,movil,2026-04-05,2027-03-31,revocado,2026-05-12,cliente,no reconozco al proveedor,2.1,0
cns_00886,cus_synthetic_0132,tpp_007,bank_003,categorizacion de gastos,accounts:transactions|credits:arrears|credits:position|investments:position|payments:initiate,accounts:transactions|investments:position|payments:initiate,consent-notice-v3,sca-app,web,2026-02-07,2027-02-02,vigente,,,,4.4,0
cns_00887,cus_synthetic_0093,tpp_008,bank_003,comparador de credito,credits:position,credits:position,consent-notice-v3,sca-otp,web,2026-06-03,2027-05-29,revocado,2026-06-10,institucion,no reconozco al proveedor,3.6,0
cns_00888,cus_synthetic_0303,tpp_005,bank_005,iniciacion de pago unico,accounts:transactions|credits:arrears|credits:position,accounts:transactions|credits:position,consent-notice-v3,sca-biometria,movil,2026-02-16,2027-02-11,vigente,,,,1.3,1
cns_00889,cus_synthetic_0150,tpp_011,bank_001,panel de posicion consolidada,credits:position,credits:position,consent-notice-v2,sca-otp,movil,2026-06-28,2027-06-23,vigente,,,,1.4,0
cns_00890,cus_synthetic_0171,tpp_001,bank_005,categorizacion de gastos,accounts:balances|accounts:list|credits:arrears|credits:position,accounts:balances|credits:position,consent-notice-v2,sca-otp,movil,2026-01-22,2026-04-22,vigente,,,,2.7,0
cns_00891,cus_synthetic_0201,tpp_002,bank_004,categorizacion de gastos,accounts:balances|accounts:list|credits:arrears|investments:position,accounts:balances|accounts:list|credits:arrears|investments:position,consent-notice-v2,sca-app,web,2026-01-21,2026-04-21,vigente,,,,1.1,0
cns_00892,cus_synthetic_0241,tpp_009,bank_003,comparador de credito,accounts:balances|accounts:list|accounts:transactions|credits:arrears|credits:position|payments:initiate,accounts:list|accounts:transactions|credits:arrears|payments:initiate,consent-notice-v2,sca-app,web,2026-03-07,2027-03-02,vigente,,,,1.5,0
cns_00893,cus_synthetic_0101,tpp_005,bank_003,iniciacion de pago unico,accounts:transactions|credits:arrears,accounts:transactions,consent-notice-v3,sca-app,web,2026-02-12,2027-02-07,expirado,,,,6.1,0
cns_00894,cus_synthetic_0062,tpp_002,bank_001,comparador de credito,credits:arrears,credits:arrears,consent-notice-v2,sca-biometria,movil,2026-03-17,2027-03-12,vigente,,,,1.4,0
cns_00895,cus_synthetic_0336,tpp_012,bank_003,categorizacion de gastos,accounts:balances|accounts:list|credits:position,accounts:balances|credits:position,consent-notice-v2,sca-otp,movil,2026-03-25,2027-03-20,expirado,,,,1.3,0
cns_00896,cus_synthetic_0350,tpp_011,bank_005,panel de posicion consolidada,accounts:balances|accounts:list|credits:arrears|credits:position,accounts:balances|accounts:list|credits:arrears,consent-notice-v3,sca-app,web,2026-03-25,2026-06-23,vigente,,,,3.8,0
cns_00897,cus_synthetic_0128,tpp_001,bank_003,panel de posicion consolidada,accounts:list|accounts:transactions|credits:arrears|credits:position|investments:position|payments:initiate,accounts:list|accounts:transactions|credits:arrears|investments:position,consent-notice-v3,sca-biometria,web,2026-04-04,2027-03-30,vigente,,,,1.3,0
cns_00898,cus_synthetic_0122,tpp_006,bank_004,categorizacion de gastos,accounts:transactions,accounts:transactions,consent-notice-v2,sca-app,web,2026-07-03,2027-06-28,vigente,,,,3.3,0
cns_00899,cus_synthetic_0146,tpp_012,bank_005,iniciacion de pago unico,accounts:transactions|credits:position|investments:position|payments:initiate,accounts:transactions|credits:position|investments:position|payments:initiate,consent-notice-v3,sca-biometria,movil,2026-05-29,2026-08-27,expirado,,,,1.8,0
cns_00900,cus_synthetic_0321,tpp_007,bank_001,categorizacion de gastos,accounts:list|accounts:transactions|credits:arrears|investments:position|payments:initiate,credits:arrears|investments:position|payments:initiate,consent-notice-v3,sca-biometria,web,2026-05-27,2026-08-25,vigente,,,,1.8,0
cns_00901,cus_synthetic_0254,tpp_003,bank_005,iniciacion de pago unico,accounts:balances|accounts:list|accounts:transactions|investments:position,accounts:list|accounts:transactions|investments:position,consent-notice-v2,sca-app,movil,2026-03-11,2027-03-06,expirado,,,,2.7,0
cns_00902,cus_synthetic_0382,tpp_007,bank_003,categorizacion de gastos,accounts:balances|accounts:list|credits:position|investments:position|payments:initiate,accounts:balances|credits:position|investments:position|payments:initiate,consent-notice-v3,sca-otp,web,2026-06-20,2026-09-18,vigente,,,,2.7,0
cns_00903,cus_synthetic_0360,tpp_012,bank_001,panel de posicion consolidada,accounts:list|accounts:transactions|credits:arrears|credits:position|investments:position,credits:arrears|credits:position|investments:position,consent-notice-v2,sca-app,web,2026-03-02,2026-08-29,revocado,2026-03-05,cliente,no reconozco al proveedor,1.5,0
cns_00904,cus_synthetic_0163,tpp_008,bank_005,categorizacion de gastos,accounts:list|accounts:transactions,accounts:transactions,consent-notice-v3,sca-biometria,movil,2026-01-21,2027-01-16,revocado,2026-03-10,cliente,cese de la relacion,7.4,0
cns_00905,cus_synthetic_0147,tpp_011,bank_004,categorizacion de gastos,accounts:balances|credits:arrears|credits:position|investments:position,accounts:balances|credits:arrears|investments:position,consent-notice-v3,sca-otp,movil,2026-03-22,2027-03-17,vigente,,,,2.8,0
cns_00906,cus_synthetic_0199,tpp_003,bank_002,panel de posicion consolidada,accounts:balances|accounts:list|accounts:transactions|credits:arrears|credits:position|investments:position,accounts:transactions|credits:arrears|credits:position|investments:position,consent-notice-v3,sca-otp,movil,2026-06-12,2027-06-07,vigente,,,,3.9,0
cns_00907,cus_synthetic_0268,tpp_006,bank_004,comparador de credito,accounts:balances|accounts:list|credits:arrears|credits:position,accounts:balances|accounts:list|credits:position,consent-notice-v2,sca-app,movil,2026-06-14,2027-06-09,vigente,,,,2.3,0
cns_00908,cus_synthetic_0341,tpp_008,bank_002,iniciacion de pago unico,accounts:balances|accounts:list,accounts:balances,consent-notice-v2,sca-biometria,web,2026-01-28,2027-01-23,revocado,2026-02-20,institucion,no reconozco al proveedor,3.5,0
cns_00909,cus_synthetic_0107,tpp_009,bank_003,salud financiera,accounts:balances|accounts:list|credits:arrears|credits:position|investments:position|payments:initiate,accounts:balances|credits:position|investments:position|payments:initiate,consent-notice-v3,sca-otp,movil,2026-01-29,2027-01-24,vigente,,,,1.3,0
cns_00910,cus_synthetic_0229,tpp_006,bank_003,categorizacion de gastos,accounts:list|accounts:transactions,accounts:list|accounts:transactions,consent-notice-v2,sca-app,web,2026-03-13,2027-03-08,vigente,,,,0.7,0
cns_00911,cus_synthetic_0237,tpp_001,bank_005,comparador de credito,accounts:list|credits:position|investments:position,accounts:list|investments:position,consent-notice-v2,sca-biometria,web,2026-06-22,2026-12-19,vigente,,,,1.6,0
cns_00912,cus_synthetic_0340,tpp_003,bank_004,panel de posicion consolidada,accounts:balances|accounts:transactions|credits:arrears|investments:position,accounts:transactions|investments:position,consent-notice-v2,sca-app,movil,2026-04-06,2026-10-03,vigente,,,,2.7,0
cns_00913,cus_synthetic_0394,tpp_006,bank_002,comparador de credito,accounts:balances|accounts:list|investments:position,accounts:list|investments:position,consent-notice-v2,sca-otp,web,2026-04-30,2027-04-25,vigente,,,,4.1,0
cns_00914,cus_synthetic_0025,tpp_012,bank_002,categorizacion de gastos,accounts:balances|accounts:transactions|credits:arrears,accounts:balances|accounts:transactions|credits:arrears,consent-notice-v2,sca-otp,web,2026-05-19,2027-05-14,vigente,,,,2.2,0
cns_00915,cus_synthetic_0331,tpp_003,bank_003,iniciacion de pago unico,accounts:transactions|credits:position|investments:position,investments:position,consent-notice-v3,sca-app,movil,2026-01-16,2027-01-11,revocado,2026-01-20,cliente,no reconozco al proveedor,2.9,0
cns_00916,cus_synthetic_0388,tpp_008,bank_002,salud financiera,accounts:list|credits:arrears|investments:position,credits:arrears|investments:position,consent-notice-v2,sca-biometria,web,2026-06-10,2027-06-05,revocado,2026-06-18,cliente,no indicado,0.9,0
cns_00917,cus_synthetic_0306,tpp_006,bank_001,panel de posicion consolidada,accounts:balances|accounts:list|accounts:transactions|credits:arrears|credits:position|payments:initiate,accounts:balances|accounts:transactions|credits:position|payments:initiate,consent-notice-v3,sca-biometria,movil,2026-02-26,2027-02-21,vigente,,,,6.0,0
cns_00918,cus_synthetic_0199,tpp_011,bank_003,categorizacion de gastos,credits:position,credits:position,consent-notice-v3,sca-otp,movil,2026-02-22,2027-02-17,revocado,2026-05-15,cliente,ya no lo uso,3.8,0
cns_00919,cus_synthetic_0114,tpp_009,bank_004,salud financiera,accounts:list|accounts:transactions,accounts:list|accounts:transactions,consent-notice-v2,sca-otp,web,2026-06-29,2027-06-24,vigente,,,,1.4,0
cns_00920,cus_synthetic_0397,tpp_007,bank_005,panel de posicion consolidada,accounts:list|accounts:transactions|credits:position|investments:position,accounts:list|accounts:transactions|credits:position|investments:position,consent-notice-v3,sca-app,web,2026-05-25,2026-08-23,vigente,,,,0.8,0
cns_00921,cus_synthetic_0051,tpp_001,bank_003,comparador de credito,accounts:balances|investments:position,investments:position,consent-notice-v3,sca-biometria,web,2026-04-19,2027-04-14,vigente,,,,1.2,0
cns_00922,cus_synthetic_0365,tpp_011,bank_005,iniciacion de pago unico,credits:position|investments:position|payments:initiate,credits:position|investments:position|payments:initiate,consent-notice-v2,sca-otp,web,2026-06-11,2026-12-08,revocado,2026-06-13,cliente,ya no lo uso,3.0,0
cns_00923,cus_synthetic_0400,tpp_008,bank_002,panel de posicion consolidada,accounts:balances|accounts:transactions|credits:arrears|investments:position,accounts:balances|accounts:transactions|credits:arrears|investments:position,consent-notice-v3,sca-otp,movil,2026-06-21,2027-06-16,revocado,2026-06-25,cliente,no indicado,4.3,0
cns_00924,cus_synthetic_0292,tpp_006,bank_005,salud financiera,accounts:list,accounts:list,consent-notice-v2,sca-biometria,movil,2026-04-11,2027-04-06,vigente,,,,5.3,0
cns_00925,cus_synthetic_0164,tpp_010,bank_003,comparador de credito,accounts:list|accounts:transactions|credits:position|payments:initiate,accounts:transactions|payments:initiate,consent-notice-v3,sca-biometria,movil,2026-07-04,2027-06-29,vigente,,,,3.4,0
cns_00926,cus_synthetic_0242,tpp_009,bank_003,salud financiera,accounts:list|credits:position|payments:initiate,accounts:list|credits:position,consent-notice-v2,sca-otp,movil,2026-03-15,2027-03-10,revocado,2026-03-17,cliente,cambio de aplicacion,4.5,0
cns_00927,cus_synthetic_0119,tpp_007,bank_004,categorizacion de gastos,accounts:balances|accounts:list|credits:arrears|payments:initiate,accounts:balances|accounts:list|credits:arrears,consent-notice-v3,sca-biometria,web,2026-05-21,2027-05-16,revocado,2026-07-15,cliente,cambio de aplicacion,1.9,0
cns_00928,cus_synthetic_0036,tpp_005,bank_003,iniciacion de pago unico,accounts:balances|accounts:list|accounts:transactions|credits:position|investments:position|payments:initiate,accounts:balances|accounts:list|accounts:transactions|investments:position,consent-notice-v3,sca-app,web,2026-02-12,2027-02-07,revocado,2026-05-09,cliente,cese de la relacion,1.3,0
cns_00929,cus_synthetic_0068,tpp_006,bank_004,iniciacion de pago unico,accounts:list|accounts:transactions|credits:arrears|credits:position|investments:position|payments:initiate,credits:arrears|credits:position|investments:position|payments:initiate,consent-notice-v2,sca-otp,web,2026-04-09,2026-10-06,revocado,2026-07-08,cliente,no indicado,4.3,0
cns_00930,cus_synthetic_0108,tpp_011,bank_004,panel de posicion consolidada,credits:position|investments:position|payments:initiate,credits:position|investments:position|payments:initiate,consent-notice-v3,sca-app,movil,2026-04-08,2027-04-03,vigente,,,,5.6,0
cns_00931,cus_synthetic_0248,tpp_009,bank_003,iniciacion de pago unico,credits:arrears|credits:position|investments:position|payments:initiate,credits:arrears|credits:position|investments:position|payments:initiate,consent-notice-v2,sca-app,web,2026-03-13,2027-03-08,expirado,,,,1.6,0
cns_00932,cus_synthetic_0027,tpp_005,bank_002,panel de posicion consolidada,accounts:balances|accounts:list|accounts:transactions|investments:position|payments:initiate,accounts:balances|accounts:transactions|investments:position|payments:initiate,consent-notice-v2,sca-otp,web,2026-01-14,2026-07-13,vigente,,,,2.9,0
cns_00933,cus_synthetic_0043,tpp_007,bank_001,panel de posicion consolidada,accounts:balances|accounts:transactions|credits:position|investments:position|payments:initiate,accounts:balances|accounts:transactions|credits:position|investments:position,consent-notice-v2,sca-biometria,movil,2026-06-21,2026-12-18,rechazado,,,,1.4,0
cns_00934,cus_synthetic_0207,tpp_012,bank_001,categorizacion de gastos,accounts:list|credits:position,accounts:list|credits:position,consent-notice-v3,sca-otp,web,2026-03-23,2026-09-19,vigente,,,,2.1,0
cns_00935,cus_synthetic_0228,tpp_012,bank_004,panel de posicion consolidada,accounts:balances|accounts:list|credits:arrears|payments:initiate,accounts:list|credits:arrears|payments:initiate,consent-notice-v3,sca-app,web,2026-06-09,2027-06-04,vigente,,,,2.5,0
cns_00936,cus_synthetic_0185,tpp_007,bank_003,salud financiera,accounts:transactions|payments:initiate,accounts:transactions,consent-notice-v2,sca-biometria,web,2026-05-28,2026-11-24,vigente,,,,5.1,0
cns_00937,cus_synthetic_0037,tpp_010,bank_004,categorizacion de gastos,accounts:transactions|credits:arrears|investments:position|payments:initiate,credits:arrears|investments:position,consent-notice-v3,sca-biometria,movil,2026-06-15,2026-09-13,revocado,2026-09-03,cliente,cambio de aplicacion,1.0,0
cns_00938,cus_synthetic_0179,tpp_002,bank_001,categorizacion de gastos,accounts:balances|accounts:list|accounts:transactions|credits:position|payments:initiate,accounts:balances|accounts:list|accounts:transactions,consent-notice-v2,sca-otp,web,2026-07-04,2027-06-29,vigente,,,,3.2,0
cns_00939,cus_synthetic_0088,tpp_004,bank_005,iniciacion de pago unico,payments:initiate,payments:initiate,consent-notice-v2,sca-app,movil,2026-01-27,2026-07-26,vigente,,,,4.6,0
cns_00940,cus_synthetic_0384,tpp_003,bank_003,iniciacion de pago unico,credits:arrears,credits:arrears,consent-notice-v2,sca-biometria,web,2026-01-18,2026-04-18,vigente,,,,4.5,0
cns_00941,cus_synthetic_0020,tpp_001,bank_001,panel de posicion consolidada,credits:arrears|credits:position,credits:arrears,consent-notice-v3,sca-biometria,movil,2026-05-13,2026-08-11,vigente,,,,3.6,0
cns_00942,cus_synthetic_0172,tpp_011,bank_001,categorizacion de gastos,investments:position|payments:initiate,investments:position,consent-notice-v2,sca-biometria,movil,2026-01-12,2026-04-12,revocado,2026-01-16,cliente,cese de la relacion,1.8,0
cns_00943,cus_synthetic_0141,tpp_006,bank_002,salud financiera,accounts:list|credits:arrears|investments:position,accounts:list|credits:arrears|investments:position,consent-notice-v2,sca-biometria,web,2026-05-08,2026-08-06,vigente,,,,2.2,0
cns_00944,cus_synthetic_0193,tpp_003,bank_004,comparador de credito,accounts:balances|accounts:list|credits:arrears|credits:position|investments:position,accounts:balances|credits:arrears|credits:position|investments:position,consent-notice-v2,sca-otp,movil,2026-03-04,2026-06-02,vigente,,,,4.4,0
cns_00945,cus_synthetic_0207,tpp_011,bank_002,salud financiera,accounts:list|accounts:transactions|credits:arrears|credits:position|investments:position|payments:initiate,accounts:list|accounts:transactions|credits:position|payments:initiate,consent-notice-v3,sca-app,movil,2026-06-05,2026-12-02,vigente,,,,4.9,1
cns_00946,cus_synthetic_0261,tpp_002,bank_005,salud financiera,accounts:balances|accounts:list|credits:arrears|credits:position,accounts:list|credits:arrears|credits:position,consent-notice-v3,sca-biometria,web,2026-06-08,2027-06-03,vigente,,,,3.0,0
cns_00947,cus_synthetic_0072,tpp_006,bank_001,panel de posicion consolidada,accounts:list|credits:arrears|credits:position,accounts:list|credits:position,consent-notice-v2,sca-app,movil,2026-05-13,2026-08-11,vigente,,,,1.3,0
cns_00948,cus_synthetic_0289,tpp_005,bank_004,comparador de credito,credits:position,credits:position,consent-notice-v3,sca-app,movil,2026-04-10,2027-04-05,vigente,,,,3.2,0
cns_00949,cus_synthetic_0075,tpp_011,bank_005,comparador de credito,accounts:balances|credits:position|payments:initiate,accounts:balances|credits:position,consent-notice-v3,sca-otp,movil,2026-02-28,2026-05-29,revocado,2026-04-08,cliente,no reconozco al proveedor,0.9,0
cns_00950,cus_synthetic_0143,tpp_006,bank_001,iniciacion de pago unico,accounts:list,accounts:list,consent-notice-v3,sca-biometria,web,2026-03-14,2027-03-09,expirado,,,,5.3,0
cns_00951,cus_synthetic_0380,tpp_011,bank_003,comparador de credito,accounts:list|accounts:transactions|credits:arrears|investments:position|payments:initiate,accounts:list|investments:position|payments:initiate,consent-notice-v2,sca-app,web,2026-02-16,2027-02-11,vigente,,,,2.8,0
cns_00952,cus_synthetic_0042,tpp_001,bank_001,salud financiera,accounts:balances|credits:arrears|investments:position|payments:initiate,credits:arrears|payments:initiate,consent-notice-v2,sca-biometria,web,2026-03-06,2027-03-01,vigente,,,,2.2,0
cns_00953,cus_synthetic_0191,tpp_002,bank_002,panel de posicion consolidada,accounts:balances|accounts:transactions|credits:arrears|credits:position,accounts:transactions|credits:arrears,consent-notice-v2,sca-app,web,2026-06-25,2027-06-20,revocado,2026-06-29,cliente,cambio de aplicacion,1.2,0
cns_00954,cus_synthetic_0057,tpp_005,bank_004,panel de posicion consolidada,accounts:balances|accounts:list|credits:arrears|investments:position,accounts:balances|accounts:list|credits:arrears,consent-notice-v3,sca-biometria,movil,2026-01-11,2027-01-06,vigente,,,,4.0,0
cns_00955,cus_synthetic_0193,tpp_010,bank_003,salud financiera,accounts:balances|accounts:list|credits:arrears|credits:position|investments:position|payments:initiate,accounts:list|credits:arrears|credits:position|payments:initiate,consent-notice-v3,sca-biometria,web,2026-05-26,2027-05-21,vigente,,,,4.1,0
cns_00956,cus_synthetic_0211,tpp_005,bank_001,panel de posicion consolidada,accounts:balances|accounts:list|credits:arrears|credits:position|investments:position|payments:initiate,accounts:list|credits:arrears|credits:position|investments:position,consent-notice-v3,sca-biometria,web,2026-01-17,2026-04-17,vigente,,,,4.5,0
cns_00957,cus_synthetic_0341,tpp_006,bank_001,panel de posicion consolidada,accounts:transactions|credits:arrears|investments:position|payments:initiate,accounts:transactions|credits:arrears|investments:position,consent-notice-v3,sca-biometria,web,2026-03-27,2027-03-22,vigente,,,,2.0,0
cns_00958,cus_synthetic_0003,tpp_004,bank_004,panel de posicion consolidada,credits:position|payments:initiate,credits:position|payments:initiate,consent-notice-v2,sca-biometria,movil,2026-06-28,2026-09-26,vigente,,,,3.8,0
cns_00959,cus_synthetic_0369,tpp_003,bank_005,iniciacion de pago unico,accounts:balances|accounts:list|accounts:transactions|credits:arrears|investments:position|payments:initiate,accounts:balances|accounts:transactions|credits:arrears|investments:position,consent-notice-v2,sca-otp,movil,2026-06-05,2027-05-31,vigente,,,,4.0,0
cns_00960,cus_synthetic_0058,tpp_010,bank_003,categorizacion de gastos,accounts:list|accounts:transactions,accounts:list|accounts:transactions,consent-notice-v2,sca-app,web,2026-02-18,2027-02-13,vigente,,,,2.2,0
cns_00961,cus_synthetic_0174,tpp_012,bank_003,iniciacion de pago unico,accounts:list|accounts:transactions|credits:position|investments:position|payments:initiate,accounts:transactions|credits:position|investments:position|payments:initiate,consent-notice-v2,sca-biometria,movil,2026-03-22,2026-06-20,vigente,,,,3.7,0
cns_00962,cus_synthetic_0218,tpp_005,bank_005,iniciacion de pago unico,accounts:transactions,accounts:transactions,consent-notice-v3,sca-biometria,web,2026-05-11,2027-05-06,vigente,,,,3.6,0
cns_00963,cus_synthetic_0246,tpp_001,bank_002,comparador de credito,accounts:list,accounts:list,consent-notice-v3,sca-app,web,2026-06-12,2027-06-07,vigente,,,,3.7,1
cns_00964,cus_synthetic_0204,tpp_012,bank_001,categorizacion de gastos,accounts:balances|accounts:transactions|credits:position|investments:position|payments:initiate,accounts:balances|accounts:transactions|credits:position|investments:position,consent-notice-v2,sca-otp,movil,2026-01-20,2027-01-15,rechazado,,,,4.9,0
cns_00965,cus_synthetic_0109,tpp_011,bank_003,categorizacion de gastos,accounts:balances|accounts:list|accounts:transactions|payments:initiate,accounts:balances|accounts:list|payments:initiate,consent-notice-v3,sca-biometria,movil,2026-04-19,2027-04-14,vigente,,,,1.3,0
cns_00966,cus_synthetic_0222,tpp_009,bank_005,panel de posicion consolidada,accounts:balances|accounts:transactions|credits:arrears|investments:position|payments:initiate,accounts:balances|credits:arrears|investments:position|payments:initiate,consent-notice-v3,sca-app,movil,2026-06-29,2026-12-26,revocado,2026-07-03,institucion,cese de la relacion,1.8,0
cns_00967,cus_synthetic_0006,tpp_002,bank_002,panel de posicion consolidada,accounts:list|credits:position,credits:position,consent-notice-v2,sca-otp,movil,2026-04-23,2027-04-18,revocado,2026-04-25,cliente,ya no lo uso,0.6,0
cns_00968,cus_synthetic_0353,tpp_001,bank_002,categorizacion de gastos,accounts:list|accounts:transactions|investments:position,accounts:list|investments:position,consent-notice-v3,sca-biometria,web,2026-04-29,2026-07-28,expirado,,,,3.2,0
cns_00969,cus_synthetic_0149,tpp_001,bank_004,iniciacion de pago unico,accounts:list|credits:arrears|payments:initiate,credits:arrears,consent-notice-v2,sca-biometria,movil,2026-06-24,2026-12-21,vigente,,,,4.7,0
cns_00970,cus_synthetic_0297,tpp_004,bank_001,iniciacion de pago unico,accounts:balances|accounts:list|credits:arrears|payments:initiate,accounts:balances|payments:initiate,consent-notice-v3,sca-biometria,movil,2026-03-21,2027-03-16,vigente,,,,1.7,0
cns_00971,cus_synthetic_0374,tpp_001,bank_002,comparador de credito,accounts:balances|payments:initiate,accounts:balances,consent-notice-v2,sca-biometria,web,2026-06-13,2027-06-08,vigente,,,,5.2,0
cns_00972,cus_synthetic_0272,tpp_004,bank_001,categorizacion de gastos,accounts:list|credits:arrears|investments:position|payments:initiate,accounts:list|credits:arrears|investments:position|payments:initiate,consent-notice-v3,sca-app,web,2026-04-05,2027-03-31,revocado,2026-04-05,institucion,no indicado,1.2,0
cns_00973,cus_synthetic_0066,tpp_001,bank_003,iniciacion de pago unico,credits:arrears,credits:arrears,consent-notice-v3,sca-biometria,web,2026-02-15,2026-08-14,expirado,,,,2.0,0
cns_00974,cus_synthetic_0201,tpp_012,bank_001,comparador de credito,accounts:balances|accounts:list|credits:arrears|investments:position|payments:initiate,accounts:balances|accounts:list|credits:arrears,consent-notice-v2,sca-app,web,2026-06-26,2026-12-23,vigente,,,,2.5,0
cns_00975,cus_synthetic_0132,tpp_001,bank_003,panel de posicion consolidada,accounts:list|accounts:transactions|credits:position,credits:position,consent-notice-v3,sca-biometria,movil,2026-03-18,2026-09-14,revocado,2026-04-29,cliente,no indicado,1.7,0
cns_00976,cus_synthetic_0311,tpp_009,bank_004,comparador de credito,accounts:list|accounts:transactions|credits:position|investments:position,accounts:list|accounts:transactions|credits:position|investments:position,consent-notice-v2,sca-otp,web,2026-02-12,2027-02-07,vigente,,,,3.3,0
cns_00977,cus_synthetic_0321,tpp_009,bank_004,comparador de credito,accounts:balances|accounts:transactions|credits:arrears|investments:position,accounts:balances|credits:arrears,consent-notice-v3,sca-biometria,movil,2026-01-27,2027-01-22,rechazado,,,,3.2,0
cns_00978,cus_synthetic_0130,tpp_003,bank_001,comparador de credito,accounts:balances|credits:arrears|credits:position|investments:position,accounts:balances|credits:arrears|investments:position,consent-notice-v2,sca-biometria,web,2026-06-30,2027-06-25,rechazado,,,,3.7,0
cns_00979,cus_synthetic_0288,tpp_010,bank_004,salud financiera,accounts:balances|accounts:list|accounts:transactions|credits:arrears,accounts:list|accounts:transactions,consent-notice-v2,sca-otp,web,2026-06-12,2027-06-07,vigente,,,,1.7,0
cns_00980,cus_synthetic_0395,tpp_001,bank_001,iniciacion de pago unico,accounts:transactions|credits:arrears|investments:position,investments:position,consent-notice-v3,sca-otp,web,2026-06-26,2026-12-23,revocado,2026-07-01,cliente,cese de la relacion,1.8,0
cns_00981,cus_synthetic_0268,tpp_007,bank_005,iniciacion de pago unico,accounts:balances|accounts:list|credits:position|payments:initiate,accounts:balances|accounts:list|credits:position|payments:initiate,consent-notice-v2,sca-app,web,2026-03-20,2027-03-15,revocado,2026-05-12,cliente,no indicado,6.5,0
cns_00982,cus_synthetic_0103,tpp_001,bank_001,iniciacion de pago unico,accounts:balances|accounts:transactions|credits:arrears|credits:position|investments:position|payments:initiate,accounts:balances|accounts:transactions|credits:arrears|credits:position,consent-notice-v2,sca-biometria,movil,2026-06-04,2027-05-30,revocado,2026-06-11,cliente,no indicado,8.6,0
cns_00983,cus_synthetic_0352,tpp_009,bank_003,comparador de credito,accounts:balances|accounts:transactions|payments:initiate,accounts:balances|accounts:transactions|payments:initiate,consent-notice-v3,sca-app,movil,2026-01-27,2026-04-27,revocado,2026-03-10,cliente,no indicado,1.6,0
cns_00984,cus_synthetic_0265,tpp_005,bank_004,panel de posicion consolidada,credits:position|investments:position,credits:position,consent-notice-v2,sca-app,movil,2026-03-24,2027-03-19,vigente,,,,1.9,0
cns_00985,cus_synthetic_0091,tpp_010,bank_003,comparador de credito,accounts:list|accounts:transactions|credits:arrears|credits:position|investments:position|payments:initiate,accounts:list|accounts:transactions|credits:position|payments:initiate,consent-notice-v2,sca-app,web,2026-06-01,2027-05-27,vigente,,,,4.5,0
cns_00986,cus_synthetic_0163,tpp_011,bank_005,categorizacion de gastos,accounts:balances|credits:arrears|credits:position|payments:initiate,accounts:balances|credits:arrears|credits:position,consent-notice-v3,sca-otp,movil,2026-02-09,2026-08-08,vigente,,,,2.4,0
cns_00987,cus_synthetic_0150,tpp_006,bank_005,panel de posicion consolidada,accounts:list|accounts:transactions|credits:position|investments:position,accounts:transactions|credits:position,consent-notice-v2,sca-biometria,movil,2026-04-20,2027-04-15,vigente,,,,2.5,0
cns_00988,cus_synthetic_0160,tpp_005,bank_001,salud financiera,accounts:balances|accounts:transactions,accounts:transactions,consent-notice-v3,sca-biometria,movil,2026-02-04,2027-01-30,vigente,,,,1.8,0
cns_00989,cus_synthetic_0138,tpp_004,bank_004,comparador de credito,accounts:balances|accounts:list|credits:arrears,accounts:balances|accounts:list,consent-notice-v2,sca-otp,movil,2026-02-06,2026-08-05,revocado,2026-02-10,cliente,no reconozco al proveedor,6.9,0
cns_00990,cus_synthetic_0337,tpp_011,bank_005,comparador de credito,accounts:list|credits:arrears|credits:position|investments:position,accounts:list|credits:arrears|credits:position|investments:position,consent-notice-v3,sca-app,movil,2026-03-13,2027-03-08,revocado,2026-05-15,institucion,ya no lo uso,2.5,0
cns_00991,cus_synthetic_0003,tpp_004,bank_004,comparador de credito,accounts:balances|investments:position,accounts:balances|investments:position,consent-notice-v2,sca-app,movil,2026-01-13,2027-01-08,revocado,2026-01-13,cliente,no indicado,1.1,0
cns_00992,cus_synthetic_0084,tpp_008,bank_005,salud financiera,accounts:balances|accounts:list|credits:arrears|credits:position|investments:position|payments:initiate,accounts:balances|credits:position|investments:position|payments:initiate,consent-notice-v3,sca-app,web,2026-02-06,2027-02-01,vigente,,,,4.7,0
cns_00993,cus_synthetic_0192,tpp_010,bank_003,categorizacion de gastos,accounts:list|credits:arrears|credits:position|investments:position,credits:arrears|credits:position|investments:position,consent-notice-v3,sca-biometria,movil,2026-05-09,2027-05-04,vigente,,,,2.2,0
cns_00994,cus_synthetic_0348,tpp_012,bank_004,categorizacion de gastos,accounts:balances|accounts:transactions|credits:arrears|credits:position|investments:position,accounts:balances|credits:arrears|investments:position,consent-notice-v2,sca-otp,movil,2026-06-20,2026-12-17,vigente,,,,2.2,0
cns_00995,cus_synthetic_0051,tpp_006,bank_004,panel de posicion consolidada,accounts:balances|accounts:transactions|credits:position|investments:position,accounts:balances|investments:position,consent-notice-v3,sca-biometria,web,2026-05-12,2027-05-07,revocado,2026-05-14,cliente,cambio de aplicacion,2.7,0
cns_00996,cus_synthetic_0141,tpp_011,bank_003,salud financiera,accounts:transactions|credits:arrears,credits:arrears,consent-notice-v2,sca-biometria,movil,2026-02-09,2026-08-08,rechazado,,,,2.8,0
cns_00997,cus_synthetic_0209,tpp_006,bank_002,comparador de credito,accounts:balances|accounts:list|accounts:transactions|investments:position,accounts:balances|accounts:transactions,consent-notice-v3,sca-otp,web,2026-04-07,2027-04-02,expirado,,,,1.4,0
cns_00998,cus_synthetic_0365,tpp_012,bank_001,categorizacion de gastos,accounts:transactions|payments:initiate,accounts:transactions|payments:initiate,consent-notice-v3,sca-otp,movil,2026-05-20,2026-11-16,revocado,2026-05-23,cliente,cambio de aplicacion,1.6,0
cns_00999,cus_synthetic_0303,tpp_002,bank_003,iniciacion de pago unico,accounts:balances|accounts:transactions,accounts:balances|accounts:transactions,consent-notice-v2,sca-otp,web,2026-05-04,2027-04-29,revocado,2026-06-01,cliente,cese de la relacion,5.0,0
cns_01000,cus_synthetic_0343,tpp_003,bank_001,iniciacion de pago unico,accounts:balances|accounts:list|credits:arrears,credits:arrears,consent-notice-v2,sca-app,movil,2026-04-07,2027-04-02,revocado,2026-05-21,cliente,cambio de aplicacion,1.9,0
cns_01001,cus_synthetic_0327,tpp_011,bank_005,comparador de credito,accounts:list|accounts:transactions|credits:position|payments:initiate,accounts:list|accounts:transactions|credits:position|payments:initiate,consent-notice-v2,sca-app,web,2026-01-18,2026-04-18,vigente,,,,2.1,0
cns_01002,cus_synthetic_0001,tpp_004,bank_004,comparador de credito,accounts:transactions|credits:position,accounts:transactions|credits:position,consent-notice-v3,sca-app,movil,2026-05-13,2027-05-08,vigente,,,,3.2,0
cns_01003,cus_synthetic_0084,tpp_010,bank_005,iniciacion de pago unico,credits:arrears|payments:initiate,payments:initiate,consent-notice-v3,sca-biometria,web,2026-03-03,2026-08-30,revocado,2026-03-04,cliente,cese de la relacion,3.1,0
cns_01004,cus_synthetic_0272,tpp_004,bank_005,categorizacion de gastos,credits:arrears|credits:position|investments:position|payments:initiate,credits:position|investments:position,consent-notice-v3,sca-biometria,movil,2026-03-16,2026-06-14,vigente,,,,2.0,0
cns_01005,cus_synthetic_0158,tpp_010,bank_003,iniciacion de pago unico,accounts:list|credits:position|investments:position,credits:position|investments:position,consent-notice-v2,sca-otp,movil,2026-03-09,2027-03-04,vigente,,,,2.8,1
cns_01006,cus_synthetic_0368,tpp_001,bank_005,iniciacion de pago unico,accounts:balances|accounts:transactions|credits:arrears|credits:position|payments:initiate,accounts:balances|credits:arrears|credits:position,consent-notice-v2,sca-otp,movil,2026-06-24,2026-09-22,vigente,,,,1.8,0
cns_01007,cus_synthetic_0163,tpp_009,bank_002,categorizacion de gastos,accounts:balances|credits:arrears|credits:position|investments:position,credits:arrears|credits:position|investments:position,consent-notice-v3,sca-app,movil,2026-04-27,2027-04-22,rechazado,,,,3.1,0
cns_01008,cus_synthetic_0285,tpp_007,bank_001,categorizacion de gastos,accounts:list|accounts:transactions|investments:position,accounts:transactions,consent-notice-v2,sca-app,web,2026-04-27,2026-10-24,expirado,,,,4.7,0
cns_01009,cus_synthetic_0112,tpp_006,bank_002,panel de posicion consolidada,accounts:list|credits:position|investments:position|payments:initiate,accounts:list|credits:position|investments:position,consent-notice-v2,sca-otp,web,2026-04-24,2026-10-21,vigente,,,,3.2,0
cns_01010,cus_synthetic_0005,tpp_001,bank_004,comparador de credito,accounts:list|accounts:transactions|investments:position,accounts:list|accounts:transactions|investments:position,consent-notice-v2,sca-biometria,movil,2026-01-21,2027-01-16,revocado,2026-01-26,cliente,no indicado,1.0,0
cns_01011,cus_synthetic_0380,tpp_007,bank_005,comparador de credito,accounts:list|payments:initiate,accounts:list,consent-notice-v2,sca-app,movil,2026-01-11,2026-04-11,vigente,,,,1.5,0
cns_01012,cus_synthetic_0347,tpp_007,bank_004,panel de posicion consolidada,accounts:balances|accounts:list|accounts:transactions|credits:position|payments:initiate,accounts:list|accounts:transactions|credits:position|payments:initiate,consent-notice-v2,sca-app,movil,2026-02-18,2027-02-13,revocado,2026-02-18,institucion,cese de la relacion,1.7,0
cns_01013,cus_synthetic_0275,tpp_005,bank_004,salud financiera,accounts:balances|accounts:list|credits:arrears|investments:position,accounts:balances|accounts:list|credits:arrears|investments:position,consent-notice-v3,sca-app,movil,2026-04-04,2027-03-30,vigente,,,,3.4,0
cns_01014,cus_synthetic_0293,tpp_008,bank_003,iniciacion de pago unico,accounts:balances|accounts:list|credits:position|payments:initiate,accounts:list|credits:position|payments:initiate,consent-notice-v2,sca-otp,web,2026-06-01,2027-05-27,vigente,,,,5.1,0
cns_01015,cus_synthetic_0211,tpp_011,bank_002,categorizacion de gastos,accounts:transactions|credits:arrears|credits:position|payments:initiate,accounts:transactions|payments:initiate,consent-notice-v3,sca-biometria,movil,2026-05-24,2027-05-19,vigente,,,,2.3,0
cns_01016,cus_synthetic_0242,tpp_004,bank_004,panel de posicion consolidada,payments:initiate,payments:initiate,consent-notice-v2,sca-biometria,web,2026-04-25,2026-10-22,revocado,2026-04-26,institucion,no indicado,3.5,0
cns_01017,cus_synthetic_0369,tpp_011,bank_005,comparador de credito,accounts:balances|accounts:transactions|investments:position|payments:initiate,accounts:balances|accounts:transactions|investments:position|payments:initiate,consent-notice-v2,sca-biometria,movil,2026-04-12,2026-07-11,vigente,,,,2.9,0
cns_01018,cus_synthetic_0079,tpp_003,bank_003,panel de posicion consolidada,accounts:balances|accounts:list|accounts:transactions|credits:position|investments:position,accounts:list|credits:position|investments:position,consent-notice-v2,sca-app,web,2026-05-07,2027-05-02,revocado,2026-05-14,cliente,ya no lo uso,2.9,0
cns_01019,cus_synthetic_0089,tpp_003,bank_004,salud financiera,accounts:list|accounts:transactions|credits:position|investments:position,accounts:list|investments:position,consent-notice-v3,sca-biometria,movil,2026-04-08,2027-04-03,vigente,,,,1.1,0
cns_01020,cus_synthetic_0351,tpp_001,bank_002,iniciacion de pago unico,accounts:transactions|credits:arrears|credits:position|investments:position,accounts:transactions|credits:position|investments:position,consent-notice-v2,sca-otp,movil,2026-05-21,2026-11-17,revocado,2026-06-03,cliente,cese de la relacion,1.9,0
cns_01021,cus_synthetic_0214,tpp_011,bank_001,panel de posicion consolidada,credits:position|payments:initiate,credits:position|payments:initiate,consent-notice-v2,sca-app,web,2026-05-16,2027-05-11,revocado,2026-05-24,cliente,no indicado,2.4,0
cns_01022,cus_synthetic_0044,tpp_012,bank_001,categorizacion de gastos,credits:arrears|payments:initiate,credits:arrears,consent-notice-v2,sca-biometria,movil,2026-06-01,2026-11-28,vigente,,,,2.1,0
cns_01023,cus_synthetic_0354,tpp_012,bank_005,panel de posicion consolidada,accounts:balances|accounts:list|credits:arrears|credits:position|payments:initiate,accounts:balances|credits:arrears|payments:initiate,consent-notice-v2,sca-otp,movil,2026-05-04,2027-04-29,vigente,,,,1.4,0
cns_01024,cus_synthetic_0379,tpp_008,bank_001,iniciacion de pago unico,accounts:balances|accounts:list|accounts:transactions|credits:position,accounts:balances|accounts:transactions|credits:position,consent-notice-v2,sca-biometria,web,2026-03-02,2027-02-25,revocado,2026-03-03,cliente,ya no lo uso,1.1,0
cns_01025,cus_synthetic_0132,tpp_007,bank_002,salud financiera,accounts:balances|accounts:list|accounts:transactions|credits:arrears|payments:initiate,accounts:balances|accounts:list|credits:arrears,consent-notice-v2,sca-otp,web,2026-06-04,2027-05-30,vigente,,,,4.5,0
cns_01026,cus_synthetic_0334,tpp_006,bank_003,salud financiera,accounts:balances|accounts:list|credits:arrears|credits:position|investments:position,accounts:balances|accounts:list|credits:arrears,consent-notice-v2,sca-biometria,movil,2026-04-29,2027-04-24,rechazado,,,,3.5,0
cns_01027,cus_synthetic_0389,tpp_010,bank_005,comparador de credito,credits:position|payments:initiate,credits:position,consent-notice-v2,sca-app,web,2026-02-06,2026-08-05,revocado,2026-04-10,cliente,cambio de aplicacion,2.4,0
cns_01028,cus_synthetic_0185,tpp_002,bank_002,comparador de credito,accounts:transactions,accounts:transactions,consent-notice-v2,sca-app,movil,2026-06-19,2026-09-17,vigente,,,,2.2,0
cns_01029,cus_synthetic_0068,tpp_001,bank_002,panel de posicion consolidada,accounts:balances|accounts:list|accounts:transactions|credits:position|investments:position|payments:initiate,accounts:list|accounts:transactions|investments:position|payments:initiate,consent-notice-v3,sca-app,web,2026-01-07,2026-04-07,vigente,,,,1.7,0
cns_01030,cus_synthetic_0128,tpp_003,bank_002,panel de posicion consolidada,accounts:list|credits:arrears|credits:position,accounts:list|credits:position,consent-notice-v3,sca-otp,web,2026-03-26,2027-03-21,revocado,2026-03-26,cliente,no reconozco al proveedor,2.0,0
cns_01031,cus_synthetic_0367,tpp_005,bank_001,salud financiera,accounts:balances|accounts:transactions|credits:arrears|investments:position,accounts:balances|accounts:transactions|investments:position,consent-notice-v3,sca-otp,web,2026-01-20,2026-04-20,revocado,2026-03-08,cliente,cambio de aplicacion,2.0,0
cns_01032,cus_synthetic_0069,tpp_005,bank_002,salud financiera,accounts:balances|accounts:list|credits:arrears|credits:position,accounts:list|credits:arrears|credits:position,consent-notice-v2,sca-otp,web,2026-03-08,2027-03-03,vigente,,,,4.6,0
cns_01033,cus_synthetic_0246,tpp_008,bank_003,categorizacion de gastos,accounts:balances|accounts:list|credits:arrears|payments:initiate,accounts:list|credits:arrears,consent-notice-v3,sca-biometria,movil,2026-05-06,2026-08-04,vigente,,,,5.9,0
cns_01034,cus_synthetic_0173,tpp_010,bank_003,categorizacion de gastos,accounts:balances|accounts:transactions|credits:position|investments:position|payments:initiate,accounts:balances|accounts:transactions|credits:position,consent-notice-v2,sca-biometria,web,2026-06-07,2026-12-04,revocado,2026-06-26,institucion,no reconozco al proveedor,2.6,0
cns_01035,cus_synthetic_0361,tpp_009,bank_004,salud financiera,accounts:balances|accounts:list|credits:arrears|credits:position,accounts:balances|credits:arrears|credits:position,consent-notice-v2,sca-otp,web,2026-02-15,2027-02-10,revocado,2026-02-15,cliente,no indicado,2.1,0
cns_01036,cus_synthetic_0058,tpp_008,bank_002,categorizacion de gastos,accounts:list|credits:position,accounts:list|credits:position,consent-notice-v2,sca-otp,web,2026-03-29,2027-03-24,vigente,,,,4.7,0
cns_01037,cus_synthetic_0335,tpp_010,bank_002,iniciacion de pago unico,accounts:list|accounts:transactions|credits:arrears|investments:position|payments:initiate,accounts:list|investments:position|payments:initiate,consent-notice-v3,sca-app,web,2026-04-26,2027-04-21,revocado,2026-05-01,cliente,no indicado,2.6,0
cns_01038,cus_synthetic_0054,tpp_005,bank_002,categorizacion de gastos,accounts:balances|accounts:list|payments:initiate,payments:initiate,consent-notice-v2,sca-app,movil,2026-03-16,2027-03-11,vigente,,,,1.9,0
cns_01039,cus_synthetic_0181,tpp_008,bank_004,salud financiera,accounts:balances|accounts:list|accounts:transactions|credits:position,accounts:list|accounts:transactions|credits:position,consent-notice-v2,sca-biometria,web,2026-05-16,2026-08-14,vigente,,,,2.1,0
cns_01040,cus_synthetic_0073,tpp_002,bank_005,iniciacion de pago unico,accounts:balances|accounts:list|accounts:transactions|credits:position|investments:position|payments:initiate,accounts:balances|accounts:list|credits:position|investments:position,consent-notice-v3,sca-biometria,web,2026-03-14,2027-03-09,expirado,,,,2.1,0
cns_01041,cus_synthetic_0177,tpp_007,bank_001,salud financiera,accounts:balances|accounts:list|accounts:transactions|credits:arrears|credits:position|payments:initiate,accounts:balances|accounts:list|accounts:transactions|payments:initiate,consent-notice-v3,sca-app,movil,2026-05-20,2026-11-16,revocado,2026-07-06,cliente,cese de la relacion,4.3,1
cns_01042,cus_synthetic_0266,tpp_006,bank_003,comparador de credito,accounts:balances|accounts:transactions|credits:arrears|credits:position|payments:initiate,accounts:transactions|credits:position|payments:initiate,consent-notice-v3,sca-otp,web,2026-04-16,2026-10-13,vigente,,,,3.0,0
cns_01043,cus_synthetic_0309,tpp_002,bank_004,salud financiera,investments:position|payments:initiate,payments:initiate,consent-notice-v3,sca-app,web,2026-03-14,2027-03-09,vigente,,,,2.0,1
cns_01044,cus_synthetic_0043,tpp_007,bank_005,salud financiera,accounts:list|accounts:transactions,accounts:list,consent-notice-v3,sca-biometria,movil,2026-06-09,2027-06-04,vigente,,,,2.9,1
cns_01045,cus_synthetic_0170,tpp_011,bank_004,categorizacion de gastos,credits:position|investments:position,credits:position|investments:position,consent-notice-v2,sca-biometria,web,2026-05-26,2026-08-24,revocado,2026-05-26,cliente,cambio de aplicacion,1.7,0
cns_01046,cus_synthetic_0067,tpp_009,bank_002,panel de posicion consolidada,investments:position,investments:position,consent-notice-v2,sca-biometria,movil,2026-01-09,2027-01-04,vigente,,,,4.6,0
cns_01047,cus_synthetic_0330,tpp_009,bank_002,categorizacion de gastos,accounts:transactions|credits:position|investments:position,credits:position,consent-notice-v2,sca-app,movil,2026-07-01,2026-09-29,vigente,,,,2.1,0
cns_01048,cus_synthetic_0313,tpp_003,bank_002,categorizacion de gastos,accounts:balances|accounts:list|credits:arrears|credits:position,accounts:balances|accounts:list|credits:arrears|credits:position,consent-notice-v2,sca-biometria,movil,2026-03-01,2026-05-30,revocado,2026-04-02,institucion,ya no lo uso,11.5,0
cns_01049,cus_synthetic_0371,tpp_006,bank_003,panel de posicion consolidada,accounts:transactions|investments:position|payments:initiate,payments:initiate,consent-notice-v3,sca-app,movil,2026-03-16,2026-06-14,rechazado,,,,3.4,0
cns_01050,cus_synthetic_0094,tpp_010,bank_001,iniciacion de pago unico,accounts:balances|accounts:list|credits:arrears|credits:position|investments:position,accounts:balances|credits:arrears|credits:position|investments:position,consent-notice-v2,sca-otp,movil,2026-04-15,2026-07-14,vigente,,,,7.9,0
cns_01051,cus_synthetic_0133,tpp_001,bank_003,comparador de credito,accounts:balances|accounts:list|credits:arrears|investments:position|payments:initiate,accounts:balances|investments:position|payments:initiate,consent-notice-v3,sca-app,movil,2026-02-09,2026-08-08,revocado,2026-02-16,cliente,ya no lo uso,3.0,0
cns_01052,cus_synthetic_0150,tpp_002,bank_005,categorizacion de gastos,accounts:transactions|credits:arrears|investments:position,accounts:transactions|credits:arrears|investments:position,consent-notice-v3,sca-app,web,2026-02-18,2026-08-17,vigente,,,,3.0,0
cns_01053,cus_synthetic_0192,tpp_012,bank_001,categorizacion de gastos,payments:initiate,payments:initiate,consent-notice-v2,sca-biometria,movil,2026-05-08,2027-05-03,vigente,,,,4.8,0
cns_01054,cus_synthetic_0211,tpp_001,bank_002,panel de posicion consolidada,accounts:balances|accounts:list|accounts:transactions|investments:position,accounts:list|investments:position,consent-notice-v3,sca-otp,movil,2026-05-01,2027-04-26,revocado,2026-05-05,institucion,no indicado,2.3,0
cns_01055,cus_synthetic_0308,tpp_003,bank_002,categorizacion de gastos,accounts:balances|credits:position,accounts:balances|credits:position,consent-notice-v2,sca-app,movil,2026-04-04,2027-03-30,vigente,,,,1.4,0
cns_01056,cus_synthetic_0216,tpp_006,bank_004,salud financiera,accounts:list|accounts:transactions|payments:initiate,accounts:transactions|payments:initiate,consent-notice-v3,sca-otp,web,2026-04-14,2027-04-09,vigente,,,,4.6,0
cns_01057,cus_synthetic_0234,tpp_004,bank_001,categorizacion de gastos,accounts:balances|accounts:list|accounts:transactions|credits:arrears|credits:position|investments:position,accounts:balances|accounts:list|accounts:transactions|credits:arrears,consent-notice-v3,sca-app,movil,2026-05-16,2026-11-12,vigente,,,,5.9,0
cns_01058,cus_synthetic_0140,tpp_008,bank_001,panel de posicion consolidada,accounts:balances|credits:arrears|investments:position|payments:initiate,accounts:balances|investments:position|payments:initiate,consent-notice-v3,sca-otp,movil,2026-01-25,2027-01-20,revocado,2026-01-30,cliente,no indicado,1.3,0
cns_01059,cus_synthetic_0018,tpp_005,bank_004,comparador de credito,accounts:balances|accounts:transactions|investments:position|payments:initiate,accounts:balances|accounts:transactions|investments:position|payments:initiate,consent-notice-v3,sca-app,movil,2026-05-25,2026-11-21,vigente,,,,3.5,0
cns_01060,cus_synthetic_0272,tpp_002,bank_002,categorizacion de gastos,accounts:balances|accounts:transactions,accounts:balances,consent-notice-v3,sca-app,web,2026-04-01,2027-03-27,vigente,,,,2.7,0
cns_01061,cus_synthetic_0032,tpp_009,bank_004,iniciacion de pago unico,accounts:balances|accounts:transactions|credits:position,accounts:balances|accounts:transactions|credits:position,consent-notice-v2,sca-otp,web,2026-05-17,2026-08-15,rechazado,,,,1.8,0
cns_01062,cus_synthetic_0248,tpp_006,bank_002,categorizacion de gastos,accounts:transactions|credits:arrears|credits:position|payments:initiate,accounts:transactions|credits:position,consent-notice-v2,sca-otp,movil,2026-01-22,2027-01-17,vigente,,,,2.6,0
cns_01063,cus_synthetic_0354,tpp_004,bank_004,salud financiera,accounts:balances|accounts:list|credits:position|payments:initiate,accounts:balances|payments:initiate,consent-notice-v2,sca-otp,movil,2026-02-24,2027-02-19,vigente,,,,1.3,0
cns_01064,cus_synthetic_0051,tpp_003,bank_004,iniciacion de pago unico,accounts:balances|accounts:list|accounts:transactions|credits:position|investments:position|payments:initiate,accounts:balances|accounts:list|accounts:transactions|payments:initiate,consent-notice-v3,sca-biometria,movil,2026-03-10,2026-09-06,vigente,,,,4.0,0
cns_01065,cus_synthetic_0255,tpp_001,bank_005,comparador de credito,accounts:balances|accounts:list|investments:position,accounts:balances|accounts:list,consent-notice-v2,sca-otp,movil,2026-03-06,2026-06-04,vigente,,,,1.9,0
cns_01066,cus_synthetic_0096,tpp_001,bank_002,salud financiera,accounts:balances|accounts:transactions|credits:position|investments:position,accounts:balances|credits:position,consent-notice-v3,sca-biometria,movil,2026-05-14,2027-05-09,vigente,,,,3.1,0
cns_01067,cus_synthetic_0336,tpp_002,bank_002,panel de posicion consolidada,accounts:transactions,accounts:transactions,consent-notice-v3,sca-biometria,movil,2026-01-06,2027-01-01,vigente,,,,2.3,0
cns_01068,cus_synthetic_0169,tpp_009,bank_002,categorizacion de gastos,accounts:list|accounts:transactions|credits:position|payments:initiate,accounts:list|payments:initiate,consent-notice-v3,sca-otp,movil,2026-03-04,2027-02-27,revocado,2026-04-13,cliente,ya no lo uso,6.2,0
cns_01069,cus_synthetic_0282,tpp_009,bank_002,panel de posicion consolidada,credits:arrears|investments:position,credits:arrears,consent-notice-v2,sca-otp,movil,2026-05-01,2026-07-30,vigente,,,,1.3,0
cns_01070,cus_synthetic_0211,tpp_003,bank_003,iniciacion de pago unico,accounts:balances|credits:position|payments:initiate,accounts:balances,consent-notice-v2,sca-otp,movil,2026-03-07,2027-03-02,vigente,,,,8.4,0
cns_01071,cus_synthetic_0275,tpp_003,bank_004,panel de posicion consolidada,accounts:balances|credits:arrears|investments:position,accounts:balances|credits:arrears|investments:position,consent-notice-v2,sca-biometria,movil,2026-06-16,2026-12-13,vigente,,,,3.9,0
cns_01072,cus_synthetic_0080,tpp_010,bank_001,categorizacion de gastos,accounts:list|investments:position,accounts:list,consent-notice-v2,sca-biometria,web,2026-05-16,2026-08-14,revocado,2026-05-19,cliente,ya no lo uso,2.4,0
cns_01073,cus_synthetic_0048,tpp_003,bank_004,comparador de credito,accounts:balances|credits:position|payments:initiate,accounts:balances|payments:initiate,consent-notice-v2,sca-biometria,web,2026-06-22,2027-06-17,expirado,,,,7.8,0
cns_01074,cus_synthetic_0178,tpp_001,bank_004,categorizacion de gastos,accounts:balances|accounts:list|credits:position|payments:initiate,accounts:balances|accounts:list|credits:position,consent-notice-v3,sca-biometria,web,2026-06-04,2027-05-30,revocado,2026-06-06,cliente,cese de la relacion,2.9,0
cns_01075,cus_synthetic_0344,tpp_005,bank_001,iniciacion de pago unico,accounts:list|credits:arrears|credits:position|investments:position|payments:initiate,accounts:list|credits:position|investments:position|payments:initiate,consent-notice-v2,sca-biometria,movil,2026-07-02,2027-06-27,vigente,,,,4.6,0
cns_01076,cus_synthetic_0205,tpp_005,bank_003,categorizacion de gastos,accounts:balances|accounts:list|credits:arrears|payments:initiate,credits:arrears|payments:initiate,consent-notice-v3,sca-app,movil,2026-06-16,2027-06-11,revocado,2026-06-16,cliente,cambio de aplicacion,5.6,0
cns_01077,cus_synthetic_0151,tpp_002,bank_005,panel de posicion consolidada,accounts:balances|accounts:list|credits:arrears|credits:position,credits:arrears|credits:position,consent-notice-v2,sca-otp,web,2026-04-21,2027-04-16,vigente,,,,2.3,0
cns_01078,cus_synthetic_0039,tpp_007,bank_001,comparador de credito,credits:arrears|payments:initiate,payments:initiate,consent-notice-v2,sca-biometria,web,2026-04-03,2026-09-30,vigente,,,,0.7,0
cns_01079,cus_synthetic_0036,tpp_001,bank_004,categorizacion de gastos,accounts:balances|credits:position|investments:position,investments:position,consent-notice-v3,sca-otp,web,2026-06-02,2027-05-28,vigente,,,,1.9,0
cns_01080,cus_synthetic_0251,tpp_006,bank_002,comparador de credito,accounts:balances|accounts:transactions,accounts:transactions,consent-notice-v2,sca-otp,movil,2026-03-21,2027-03-16,vigente,,,,6.1,0
cns_01081,cus_synthetic_0380,tpp_006,bank_005,iniciacion de pago unico,accounts:balances|credits:arrears|credits:position|investments:position,credits:arrears|credits:position|investments:position,consent-notice-v3,sca-biometria,web,2026-05-23,2027-05-18,vigente,,,,2.2,0
cns_01082,cus_synthetic_0025,tpp_001,bank_002,categorizacion de gastos,accounts:balances|credits:arrears|credits:position|investments:position|payments:initiate,accounts:balances|credits:arrears|payments:initiate,consent-notice-v3,sca-otp,movil,2026-01-09,2027-01-04,vigente,,,,1.0,0
cns_01083,cus_synthetic_0185,tpp_007,bank_004,panel de posicion consolidada,credits:position|payments:initiate,credits:position,consent-notice-v3,sca-app,web,2026-05-26,2027-05-21,vigente,,,,0.9,0
cns_01084,cus_synthetic_0331,tpp_009,bank_005,salud financiera,credits:position|investments:position|payments:initiate,investments:position,consent-notice-v2,sca-app,web,2026-06-30,2027-06-25,revocado,2026-07-04,cliente,cese de la relacion,2.7,0
cns_01085,cus_synthetic_0076,tpp_001,bank_004,categorizacion de gastos,accounts:balances|accounts:transactions|credits:arrears|credits:position|payments:initiate,accounts:balances|accounts:transactions|credits:position|payments:initiate,consent-notice-v2,sca-biometria,movil,2026-06-05,2026-09-03,revocado,2026-06-08,cliente,no reconozco al proveedor,1.5,0
cns_01086,cus_synthetic_0184,tpp_002,bank_005,iniciacion de pago unico,accounts:balances|credits:arrears|investments:position|payments:initiate,accounts:balances|credits:arrears|investments:position|payments:initiate,consent-notice-v3,sca-otp,movil,2026-06-04,2027-05-30,vigente,,,,1.9,0
cns_01087,cus_synthetic_0367,tpp_009,bank_003,panel de posicion consolidada,accounts:balances|credits:arrears,accounts:balances|credits:arrears,consent-notice-v2,sca-otp,web,2026-07-04,2026-12-31,revocado,2026-08-26,cliente,no reconozco al proveedor,3.1,0
cns_01088,cus_synthetic_0236,tpp_003,bank_004,comparador de credito,accounts:balances|credits:arrears|credits:position|investments:position,accounts:balances|credits:position|investments:position,consent-notice-v3,sca-otp,web,2026-04-21,2026-10-18,revocado,2026-04-28,institucion,ya no lo uso,1.9,0
cns_01089,cus_synthetic_0307,tpp_010,bank_005,panel de posicion consolidada,accounts:balances|accounts:transactions,accounts:balances|accounts:transactions,consent-notice-v3,sca-app,movil,2026-05-05,2027-04-30,revocado,2026-05-25,cliente,cambio de aplicacion,1.1,0
cns_01090,cus_synthetic_0107,tpp_012,bank_003,panel de posicion consolidada,investments:position,investments:position,consent-notice-v2,sca-app,web,2026-05-07,2026-08-05,vigente,,,,3.4,0
cns_01091,cus_synthetic_0364,tpp_002,bank_005,iniciacion de pago unico,accounts:transactions,accounts:transactions,consent-notice-v2,sca-biometria,web,2026-05-02,2026-07-31,expirado,,,,2.2,0
cns_01092,cus_synthetic_0313,tpp_009,bank_005,iniciacion de pago unico,accounts:balances|accounts:list|credits:arrears,accounts:balances,consent-notice-v3,sca-biometria,web,2026-03-17,2026-06-15,vigente,,,,2.1,0
cns_01093,cus_synthetic_0244,tpp_004,bank_005,panel de posicion consolidada,credits:position|investments:position|payments:initiate,credits:position,consent-notice-v3,sca-otp,web,2026-05-11,2026-11-07,vigente,,,,2.9,0
cns_01094,cus_synthetic_0059,tpp_009,bank_001,comparador de credito,accounts:balances|accounts:list|accounts:transactions|credits:position|payments:initiate,accounts:list|accounts:transactions|credits:position|payments:initiate,consent-notice-v2,sca-app,web,2026-04-29,2027-04-24,expirado,,,,3.4,0
cns_01095,cus_synthetic_0309,tpp_005,bank_004,comparador de credito,accounts:list|credits:arrears|credits:position|payments:initiate,credits:position|payments:initiate,consent-notice-v3,sca-otp,web,2026-05-13,2027-05-08,vigente,,,,2.3,0
cns_01096,cus_synthetic_0167,tpp_001,bank_001,panel de posicion consolidada,accounts:list|credits:arrears|investments:position,accounts:list|credits:arrears|investments:position,consent-notice-v3,sca-app,web,2026-05-06,2026-08-04,vigente,,,,4.2,0
cns_01097,cus_synthetic_0369,tpp_006,bank_004,categorizacion de gastos,accounts:balances|accounts:transactions|credits:arrears|credits:position,accounts:transactions|credits:arrears,consent-notice-v2,sca-app,movil,2026-03-14,2027-03-09,vigente,,,,3.0,0
cns_01098,cus_synthetic_0244,tpp_007,bank_003,categorizacion de gastos,accounts:list|accounts:transactions|credits:arrears|payments:initiate,accounts:list|accounts:transactions|payments:initiate,consent-notice-v2,sca-otp,web,2026-06-01,2026-08-30,vigente,,,,1.6,0
cns_01099,cus_synthetic_0091,tpp_012,bank_003,comparador de credito,accounts:balances|accounts:transactions|credits:arrears,accounts:balances|accounts:transactions|credits:arrears,consent-notice-v3,sca-otp,web,2026-07-02,2026-09-30,revocado,2026-07-09,institucion,no reconozco al proveedor,4.1,0
cns_01100,cus_synthetic_0231,tpp_011,bank_005,categorizacion de gastos,accounts:transactions|credits:arrears|credits:position|investments:position|payments:initiate,credits:arrears|credits:position|investments:position|payments:initiate,consent-notice-v2,sca-app,web,2026-01-30,2026-04-30,expirado,,,,4.2,0
cns_01101,cus_synthetic_0310,tpp_003,bank_005,comparador de credito,accounts:balances|accounts:list|accounts:transactions|credits:position|payments:initiate,accounts:balances|accounts:list|accounts:transactions|credits:position,consent-notice-v2,sca-otp,movil,2026-01-14,2026-07-13,vigente,,,,7.2,0
cns_01102,cus_synthetic_0365,tpp_009,bank_003,iniciacion de pago unico,accounts:list|accounts:transactions|credits:position|investments:position,accounts:list|accounts:transactions|credits:position|investments:position,consent-notice-v2,sca-otp,web,2026-06-01,2027-05-27,vigente,,,,0.9,0
cns_01103,cus_synthetic_0056,tpp_001,bank_005,panel de posicion consolidada,accounts:list|accounts:transactions|credits:arrears|investments:position,accounts:transactions|credits:arrears,consent-notice-v3,sca-biometria,web,2026-04-22,2027-04-17,revocado,2026-05-25,cliente,no indicado,3.3,0
cns_01104,cus_synthetic_0348,tpp_009,bank_001,categorizacion de gastos,accounts:balances|accounts:list|credits:arrears,accounts:balances|accounts:list,consent-notice-v3,sca-app,movil,2026-03-30,2026-09-26,vigente,,,,2.1,0
cns_01105,cus_synthetic_0008,tpp_003,bank_003,salud financiera,accounts:list|accounts:transactions|credits:arrears|credits:position|payments:initiate,accounts:list|credits:arrears|credits:position|payments:initiate,consent-notice-v3,sca-app,movil,2026-06-21,2027-06-16,revocado,2026-06-22,cliente,cese de la relacion,5.2,0
cns_01106,cus_synthetic_0122,tpp_012,bank_003,panel de posicion consolidada,accounts:transactions|credits:position,credits:position,consent-notice-v2,sca-otp,movil,2026-01-06,2027-01-01,vigente,,,,5.9,0
cns_01107,cus_synthetic_0255,tpp_005,bank_003,panel de posicion consolidada,accounts:list|credits:arrears|payments:initiate,accounts:list|credits:arrears,consent-notice-v2,sca-biometria,movil,2026-06-20,2026-09-18,revocado,2026-06-22,cliente,cese de la relacion,12.1,0
cns_01108,cus_synthetic_0129,tpp_011,bank_004,panel de posicion consolidada,accounts:balances|credits:position|investments:position,credits:position|investments:position,consent-notice-v3,sca-app,web,2026-03-29,2026-09-25,expirado,,,,3.4,0
cns_01109,cus_synthetic_0338,tpp_011,bank_003,comparador de credito,accounts:list|credits:arrears,accounts:list|credits:arrears,consent-notice-v3,sca-biometria,web,2026-04-04,2027-03-30,vigente,,,,1.9,0
cns_01110,cus_synthetic_0397,tpp_011,bank_005,panel de posicion consolidada,accounts:balances|accounts:list|accounts:transactions|credits:arrears|credits:position|investments:position,accounts:balances|accounts:transactions|credits:arrears|investments:position,consent-notice-v3,sca-otp,web,2026-05-13,2027-05-08,vigente,,,,2.0,0
cns_01111,cus_synthetic_0268,tpp_005,bank_003,salud financiera,investments:position|payments:initiate,investments:position|payments:initiate,consent-notice-v2,sca-biometria,web,2026-03-30,2027-03-25,revocado,2026-04-04,institucion,cese de la relacion,3.8,0
cns_01112,cus_synthetic_0400,tpp_010,bank_005,panel de posicion consolidada,credits:position|investments:position,credits:position|investments:position,consent-notice-v3,sca-biometria,movil,2026-01-14,2026-04-14,rechazado,,,,1.4,0
cns_01113,cus_synthetic_0375,tpp_001,bank_001,salud financiera,accounts:balances|credits:position|investments:position,accounts:balances|credits:position|investments:position,consent-notice-v3,sca-app,movil,2026-03-16,2027-03-11,revocado,2026-03-20,cliente,ya no lo uso,0.9,0
cns_01114,cus_synthetic_0245,tpp_011,bank_005,iniciacion de pago unico,accounts:balances|accounts:transactions|credits:position,accounts:balances|accounts:transactions|credits:position,consent-notice-v3,sca-app,web,2026-01-31,2026-05-01,vigente,,,,2.3,0
cns_01115,cus_synthetic_0175,tpp_012,bank_004,categorizacion de gastos,accounts:transactions|credits:position|payments:initiate,accounts:transactions,consent-notice-v2,sca-app,web,2026-05-10,2026-08-08,rechazado,,,,4.7,0
cns_01116,cus_synthetic_0240,tpp_001,bank_005,comparador de credito,accounts:list|accounts:transactions|investments:position|payments:initiate,accounts:list|investments:position|payments:initiate,consent-notice-v2,sca-otp,movil,2026-02-21,2027-02-16,vigente,,,,4.5,0
cns_01117,cus_synthetic_0345,tpp_005,bank_003,categorizacion de gastos,accounts:balances|credits:position|payments:initiate,accounts:balances|credits:position,consent-notice-v3,sca-biometria,web,2026-02-07,2027-02-02,vigente,,,,2.7,0
cns_01118,cus_synthetic_0145,tpp_009,bank_004,comparador de credito,accounts:transactions|credits:position|investments:position,accounts:transactions|investments:position,consent-notice-v3,sca-otp,web,2026-05-08,2026-11-04,vigente,,,,2.7,0
cns_01119,cus_synthetic_0140,tpp_005,bank_002,categorizacion de gastos,accounts:balances|accounts:transactions|investments:position,accounts:balances|accounts:transactions|investments:position,consent-notice-v2,sca-otp,movil,2026-06-01,2026-08-30,vigente,,,,0.9,0
cns_01120,cus_synthetic_0328,tpp_008,bank_001,salud financiera,accounts:balances|accounts:list|credits:arrears|investments:position,accounts:balances|accounts:list|credits:arrears|investments:position,consent-notice-v2,sca-biometria,web,2026-01-17,2027-01-12,vigente,,,,5.8,0
cns_01121,cus_synthetic_0121,tpp_012,bank_001,iniciacion de pago unico,accounts:balances|accounts:transactions|credits:position,accounts:transactions|credits:position,consent-notice-v2,sca-biometria,movil,2026-01-08,2027-01-03,vigente,,,,1.8,0
cns_01122,cus_synthetic_0363,tpp_002,bank_001,comparador de credito,accounts:balances|accounts:list|credits:arrears,accounts:list,consent-notice-v2,sca-biometria,web,2026-05-10,2026-08-08,rechazado,,,,12.6,0
cns_01123,cus_synthetic_0252,tpp_002,bank_002,comparador de credito,credits:arrears|investments:position,investments:position,consent-notice-v2,sca-otp,web,2026-02-19,2027-02-14,revocado,2026-02-21,cliente,no indicado,0.9,0
cns_01124,cus_synthetic_0053,tpp_001,bank_005,salud financiera,accounts:balances|credits:arrears|credits:position,accounts:balances|credits:arrears|credits:position,consent-notice-v2,sca-otp,web,2026-01-16,2026-07-15,vigente,,,,1.3,0
cns_01125,cus_synthetic_0086,tpp_001,bank_004,categorizacion de gastos,accounts:balances|accounts:transactions|credits:arrears|credits:position|investments:position,accounts:balances|accounts:transactions|credits:arrears,consent-notice-v3,sca-app,movil,2026-02-20,2027-02-15,revocado,2026-02-20,cliente,cambio de aplicacion,2.5,0
cns_01126,cus_synthetic_0239,tpp_008,bank_001,categorizacion de gastos,accounts:list|credits:arrears,accounts:list,consent-notice-v3,sca-otp,web,2026-06-19,2027-06-14,vigente,,,,1.9,0
cns_01127,cus_synthetic_0161,tpp_004,bank_003,salud financiera,accounts:transactions|credits:arrears,accounts:transactions|credits:arrears,consent-notice-v2,sca-app,movil,2026-07-02,2027-06-27,vigente,,,,2.3,0
cns_01128,cus_synthetic_0159,tpp_007,bank_004,categorizacion de gastos,credits:position,credits:position,consent-notice-v3,sca-app,movil,2026-03-13,2027-03-08,vigente,,,,1.5,0
cns_01129,cus_synthetic_0055,tpp_001,bank_005,salud financiera,accounts:balances|accounts:list|accounts:transactions|payments:initiate,accounts:list|accounts:transactions,consent-notice-v2,sca-otp,web,2026-01-29,2026-04-29,revocado,2026-02-03,cliente,cese de la relacion,7.1,0
cns_01130,cus_synthetic_0297,tpp_009,bank_001,iniciacion de pago unico,accounts:list|accounts:transactions|credits:arrears,accounts:list|accounts:transactions|credits:arrears,consent-notice-v3,sca-app,web,2026-05-19,2026-08-17,vigente,,,,6.2,0
cns_01131,cus_synthetic_0209,tpp_005,bank_001,iniciacion de pago unico,accounts:balances|accounts:list|accounts:transactions|credits:arrears|credits:position|payments:initiate,accounts:balances|accounts:list|credits:arrears|credits:position,consent-notice-v2,sca-app,web,2026-05-17,2027-05-12,revocado,2026-05-21,institucion,no reconozco al proveedor,1.3,0
cns_01132,cus_synthetic_0281,tpp_001,bank_001,comparador de credito,accounts:balances|accounts:list|credits:position|investments:position,accounts:balances|accounts:list|credits:position|investments:position,consent-notice-v2,sca-app,movil,2026-04-26,2026-10-23,vigente,,,,3.3,0
cns_01133,cus_synthetic_0306,tpp_001,bank_005,salud financiera,accounts:balances|credits:arrears|credits:position,credits:arrears,consent-notice-v3,sca-otp,web,2026-06-23,2026-09-21,expirado,,,,1.8,0
cns_01134,cus_synthetic_0261,tpp_011,bank_001,categorizacion de gastos,payments:initiate,payments:initiate,consent-notice-v3,sca-biometria,movil,2026-05-17,2026-11-13,revocado,2026-08-08,cliente,cese de la relacion,3.3,0
cns_01135,cus_synthetic_0226,tpp_004,bank_002,comparador de credito,accounts:transactions|investments:position|payments:initiate,accounts:transactions|investments:position|payments:initiate,consent-notice-v2,sca-otp,web,2026-03-02,2027-02-25,vigente,,,,4.2,0
cns_01136,cus_synthetic_0282,tpp_011,bank_005,iniciacion de pago unico,accounts:balances|accounts:list,accounts:balances|accounts:list,consent-notice-v2,sca-biometria,movil,2026-01-11,2026-04-11,expirado,,,,2.5,1
cns_01137,cus_synthetic_0399,tpp_003,bank_004,categorizacion de gastos,accounts:balances|credits:arrears|credits:position|investments:position,credits:arrears|investments:position,consent-notice-v3,sca-biometria,movil,2026-01-31,2027-01-26,revocado,2026-02-05,institucion,cambio de aplicacion,4.6,0
cns_01138,cus_synthetic_0050,tpp_011,bank_002,salud financiera,accounts:list|accounts:transactions|credits:position,credits:position,consent-notice-v3,sca-biometria,movil,2026-06-29,2026-09-27,revocado,2026-07-05,cliente,no reconozco al proveedor,3.8,0
cns_01139,cus_synthetic_0093,tpp_001,bank_002,comparador de credito,accounts:transactions,accounts:transactions,consent-notice-v3,sca-app,web,2026-03-09,2027-03-04,vigente,,,,7.0,0
cns_01140,cus_synthetic_0211,tpp_007,bank_002,comparador de credito,accounts:transactions|credits:position|payments:initiate,accounts:transactions|credits:position,consent-notice-v3,sca-biometria,movil,2026-05-26,2027-05-21,vigente,,,,3.7,0
cns_01141,cus_synthetic_0182,tpp_009,bank_003,categorizacion de gastos,accounts:balances|accounts:transactions|investments:position,accounts:balances|accounts:transactions|investments:position,consent-notice-v3,sca-app,movil,2026-05-10,2027-05-05,expirado,,,,4.1,0
cns_01142,cus_synthetic_0160,tpp_001,bank_001,comparador de credito,credits:arrears|credits:position|investments:position,credits:arrears|credits:position|investments:position,consent-notice-v3,sca-otp,web,2026-05-17,2027-05-12,revocado,2026-05-24,cliente,cese de la relacion,1.5,0
cns_01143,cus_synthetic_0152,tpp_010,bank_005,comparador de credito,accounts:transactions|credits:position|investments:position,investments:position,consent-notice-v2,sca-app,web,2026-04-06,2027-04-01,expirado,,,,3.0,0
cns_01144,cus_synthetic_0204,tpp_011,bank_002,panel de posicion consolidada,accounts:list|credits:arrears|credits:position|investments:position|payments:initiate,credits:arrears|credits:position|investments:position|payments:initiate,consent-notice-v2,sca-app,movil,2026-03-08,2027-03-03,revocado,2026-03-14,cliente,no reconozco al proveedor,0.8,0
cns_01145,cus_synthetic_0151,tpp_010,bank_004,categorizacion de gastos,accounts:balances|credits:arrears|payments:initiate,accounts:balances,consent-notice-v3,sca-biometria,movil,2026-03-14,2027-03-09,vigente,,,,2.7,0
cns_01146,cus_synthetic_0259,tpp_008,bank_002,panel de posicion consolidada,accounts:balances|accounts:list|accounts:transactions|credits:position|payments:initiate,accounts:balances|accounts:list|accounts:transactions|credits:position,consent-notice-v3,sca-app,web,2026-03-31,2027-03-26,vigente,,,,3.0,0
cns_01147,cus_synthetic_0379,tpp_001,bank_005,comparador de credito,accounts:balances|accounts:list|credits:arrears|payments:initiate,accounts:balances|credits:arrears,consent-notice-v2,sca-otp,movil,2026-01-31,2027-01-26,vigente,,,,4.7,0
cns_01148,cus_synthetic_0218,tpp_010,bank_005,iniciacion de pago unico,credits:arrears|investments:position,credits:arrears|investments:position,consent-notice-v2,sca-otp,web,2026-01-29,2026-04-29,revocado,2026-02-02,cliente,ya no lo uso,1.5,0
cns_01149,cus_synthetic_0296,tpp_011,bank_004,comparador de credito,accounts:balances|accounts:transactions|credits:arrears|credits:position|investments:position,accounts:balances|accounts:transactions|credits:arrears|credits:position,consent-notice-v3,sca-biometria,web,2026-07-03,2027-06-28,vigente,,,,2.2,0
cns_01150,cus_synthetic_0173,tpp_011,bank_003,iniciacion de pago unico,accounts:balances|accounts:list|accounts:transactions|credits:position|investments:position|payments:initiate,accounts:balances|accounts:transactions|investments:position|payments:initiate,consent-notice-v3,sca-otp,movil,2026-03-11,2027-03-06,vigente,,,,2.3,0
cns_01151,cus_synthetic_0329,tpp_001,bank_005,categorizacion de gastos,accounts:balances|credits:arrears,credits:arrears,consent-notice-v2,sca-biometria,web,2026-03-26,2027-03-21,vigente,,,,1.0,0
cns_01152,cus_synthetic_0266,tpp_003,bank_003,categorizacion de gastos,accounts:balances|credits:arrears|investments:position,investments:position,consent-notice-v2,sca-app,web,2026-06-11,2026-09-09,vigente,,,,4.7,0
cns_01153,cus_synthetic_0020,tpp_007,bank_005,salud financiera,accounts:balances|accounts:list|credits:arrears|credits:position|payments:initiate,accounts:list|credits:arrears|credits:position|payments:initiate,consent-notice-v2,sca-biometria,web,2026-07-01,2027-06-26,vigente,,,,2.2,0
cns_01154,cus_synthetic_0275,tpp_006,bank_004,comparador de credito,payments:initiate,payments:initiate,consent-notice-v3,sca-app,web,2026-07-01,2027-06-26,revocado,2026-07-03,cliente,ya no lo uso,2.8,0
cns_01155,cus_synthetic_0124,tpp_002,bank_001,iniciacion de pago unico,accounts:list|accounts:transactions|credits:position|investments:position,accounts:list|accounts:transactions|credits:position|investments:position,consent-notice-v2,sca-otp,web,2026-04-26,2026-10-23,vigente,,,,1.9,0
cns_01156,cus_synthetic_0310,tpp_003,bank_004,panel de posicion consolidada,accounts:balances|accounts:list|credits:arrears|credits:position,accounts:list|credits:arrears|credits:position,consent-notice-v2,sca-otp,movil,2026-04-15,2026-07-14,revocado,2026-04-21,cliente,ya no lo uso,2.5,0
cns_01157,cus_synthetic_0240,tpp_003,bank_005,iniciacion de pago unico,investments:position,investments:position,consent-notice-v2,sca-app,movil,2026-06-12,2027-06-07,rechazado,,,,2.7,0
cns_01158,cus_synthetic_0134,tpp_009,bank_001,comparador de credito,accounts:balances|investments:position,investments:position,consent-notice-v3,sca-otp,movil,2026-06-12,2026-12-09,vigente,,,,2.8,0
cns_01159,cus_synthetic_0113,tpp_005,bank_001,categorizacion de gastos,accounts:list|accounts:transactions|credits:arrears|credits:position|investments:position|payments:initiate,accounts:list|credits:arrears|credits:position|payments:initiate,consent-notice-v3,sca-biometria,movil,2026-06-22,2027-06-17,revocado,2026-06-24,cliente,ya no lo uso,1.9,0
cns_01160,cus_synthetic_0343,tpp_003,bank_002,comparador de credito,accounts:list|accounts:transactions|credits:arrears|investments:position|payments:initiate,accounts:list|credits:arrears|payments:initiate,consent-notice-v2,sca-otp,movil,2026-04-02,2027-03-28,vigente,,,,3.5,0
cns_01161,cus_synthetic_0050,tpp_004,bank_002,comparador de credito,investments:position,investments:position,consent-notice-v3,sca-otp,movil,2026-05-21,2027-05-16,rechazado,,,,4.0,0
cns_01162,cus_synthetic_0212,tpp_009,bank_005,comparador de credito,accounts:list|credits:arrears|credits:position|investments:position|payments:initiate,credits:arrears|credits:position|investments:position|payments:initiate,consent-notice-v3,sca-otp,web,2026-03-16,2027-03-11,vigente,,,,0.7,0
cns_01163,cus_synthetic_0197,tpp_006,bank_003,categorizacion de gastos,accounts:balances|accounts:transactions|credits:arrears|credits:position|payments:initiate,accounts:transactions|credits:arrears|credits:position|payments:initiate,consent-notice-v3,sca-biometria,movil,2026-05-15,2027-05-10,vigente,,,,0.9,0
cns_01164,cus_synthetic_0015,tpp_005,bank_002,salud financiera,accounts:balances|accounts:list|credits:position|investments:position|payments:initiate,accounts:balances|credits:position|payments:initiate,consent-notice-v3,sca-otp,movil,2026-01-07,2027-01-02,vigente,,,,5.6,0
cns_01165,cus_synthetic_0314,tpp_010,bank_001,comparador de credito,accounts:balances|accounts:list|accounts:transactions|credits:arrears|credits:position|investments:position,accounts:list|accounts:transactions|credits:position|investments:position,consent-notice-v3,sca-app,movil,2026-06-18,2027-06-13,revocado,2026-06-22,cliente,no indicado,1.3,0
cns_01166,cus_synthetic_0321,tpp_008,bank_001,categorizacion de gastos,accounts:balances|accounts:list|accounts:transactions|credits:arrears|credits:position|investments:position,accounts:balances|accounts:list|credits:position|investments:position,consent-notice-v3,sca-otp,web,2026-04-07,2027-04-02,revocado,2026-04-11,cliente,cese de la relacion,2.7,0
cns_01167,cus_synthetic_0053,tpp_009,bank_001,salud financiera,accounts:list|credits:position|investments:position,accounts:list|investments:position,consent-notice-v3,sca-otp,movil,2026-05-16,2027-05-11,vigente,,,,4.0,0
cns_01168,cus_synthetic_0130,tpp_006,bank_004,iniciacion de pago unico,credits:position|investments:position|payments:initiate,investments:position|payments:initiate,consent-notice-v2,sca-biometria,web,2026-02-10,2027-02-05,vigente,,,,1.6,1
cns_01169,cus_synthetic_0296,tpp_007,bank_004,comparador de credito,accounts:balances|accounts:list|accounts:transactions|investments:position,accounts:balances|investments:position,consent-notice-v3,sca-app,movil,2026-01-07,2026-04-07,revocado,2026-01-11,cliente,no reconozco al proveedor,3.3,1
cns_01170,cus_synthetic_0351,tpp_004,bank_001,panel de posicion consolidada,accounts:balances|accounts:list|credits:arrears|credits:position|investments:position,credits:arrears|credits:position|investments:position,consent-notice-v2,sca-app,movil,2026-05-15,2026-08-13,vigente,,,,5.7,0
cns_01171,cus_synthetic_0244,tpp_010,bank_003,comparador de credito,accounts:list|accounts:transactions|credits:arrears|credits:position|investments:position|payments:initiate,accounts:list|credits:arrears|investments:position|payments:initiate,consent-notice-v2,sca-otp,movil,2026-05-11,2026-08-09,vigente,,,,1.2,0
cns_01172,cus_synthetic_0095,tpp_012,bank_005,iniciacion de pago unico,accounts:balances|accounts:transactions|credits:position,accounts:balances|credits:position,consent-notice-v2,sca-otp,web,2026-02-06,2027-02-01,vigente,,,,1.2,0
cns_01173,cus_synthetic_0091,tpp_003,bank_002,comparador de credito,accounts:balances|accounts:transactions|credits:arrears|payments:initiate,accounts:transactions|payments:initiate,consent-notice-v3,sca-app,movil,2026-04-05,2027-03-31,vigente,,,,3.1,0
cns_01174,cus_synthetic_0397,tpp_008,bank_004,panel de posicion consolidada,accounts:transactions|credits:arrears|credits:position,accounts:transactions|credits:arrears|credits:position,consent-notice-v2,sca-app,web,2026-04-23,2026-07-22,vigente,,,,4.5,0
cns_01175,cus_synthetic_0153,tpp_005,bank_001,categorizacion de gastos,accounts:list|accounts:transactions|payments:initiate,accounts:list,consent-notice-v3,sca-app,movil,2026-07-04,2027-06-29,vigente,,,,2.1,0
cns_01176,cus_synthetic_0153,tpp_001,bank_004,comparador de credito,accounts:balances|accounts:list|accounts:transactions|credits:arrears|investments:position,accounts:balances|accounts:transactions|investments:position,consent-notice-v3,sca-biometria,movil,2026-05-19,2026-08-17,rechazado,,,,4.0,0
cns_01177,cus_synthetic_0391,tpp_005,bank_001,categorizacion de gastos,investments:position,investments:position,consent-notice-v3,sca-otp,web,2026-01-11,2026-07-10,vigente,,,,13.4,0
cns_01178,cus_synthetic_0368,tpp_002,bank_002,comparador de credito,accounts:balances|accounts:transactions|credits:position|payments:initiate,accounts:balances|accounts:transactions|credits:position|payments:initiate,consent-notice-v2,sca-biometria,movil,2026-01-09,2027-01-04,vigente,,,,1.9,0
cns_01179,cus_synthetic_0281,tpp_010,bank_002,panel de posicion consolidada,accounts:balances|accounts:transactions|credits:arrears|credits:position,accounts:balances|accounts:transactions|credits:position,consent-notice-v2,sca-otp,web,2026-01-28,2027-01-23,vigente,,,,9.1,0
cns_01180,cus_synthetic_0239,tpp_004,bank_001,salud financiera,accounts:list|credits:position,accounts:list|credits:position,consent-notice-v3,sca-biometria,movil,2026-04-30,2026-10-27,vigente,,,,3.8,0
cns_01181,cus_synthetic_0178,tpp_011,bank_002,panel de posicion consolidada,credits:position|investments:position,investments:position,consent-notice-v2,sca-biometria,web,2026-06-09,2027-06-04,vigente,,,,1.3,0
cns_01182,cus_synthetic_0056,tpp_002,bank_005,panel de posicion consolidada,accounts:list|accounts:transactions|credits:arrears|credits:position,accounts:list|accounts:transactions|credits:position,consent-notice-v2,sca-app,web,2026-01-30,2026-07-29,revocado,2026-01-31,cliente,no reconozco al proveedor,3.3,0
cns_01183,cus_synthetic_0243,tpp_007,bank_001,categorizacion de gastos,accounts:balances|accounts:list|credits:arrears|credits:position|investments:position,accounts:balances|credits:arrears|credits:position,consent-notice-v2,sca-otp,web,2026-01-25,2026-07-24,revocado,2026-01-26,cliente,no reconozco al proveedor,1.1,0
cns_01184,cus_synthetic_0152,tpp_006,bank_003,categorizacion de gastos,accounts:balances|accounts:list|accounts:transactions|credits:arrears|credits:position|investments:position,accounts:balances|accounts:transactions|credits:position|investments:position,consent-notice-v2,sca-biometria,movil,2026-06-20,2027-06-15,vigente,,,,1.9,0
cns_01185,cus_synthetic_0248,tpp_008,bank_001,iniciacion de pago unico,accounts:balances|accounts:list|accounts:transactions|credits:arrears|credits:position,accounts:balances|accounts:list|credits:position,consent-notice-v3,sca-biometria,web,2026-01-30,2026-07-29,expirado,,,,2.9,0
cns_01186,cus_synthetic_0315,tpp_001,bank_005,iniciacion de pago unico,accounts:list|credits:position|investments:position|payments:initiate,credits:position|investments:position,consent-notice-v3,sca-otp,web,2026-05-26,2027-05-21,revocado,2026-06-01,institucion,no indicado,2.6,0
cns_01187,cus_synthetic_0176,tpp_006,bank_001,panel de posicion consolidada,accounts:balances|accounts:list|credits:position|payments:initiate,accounts:balances|accounts:list|credits:position,consent-notice-v2,sca-biometria,movil,2026-03-01,2027-02-24,vigente,,,,2.3,0
cns_01188,cus_synthetic_0249,tpp_007,bank_005,comparador de credito,credits:arrears|investments:position|payments:initiate,credits:arrears|payments:initiate,consent-notice-v3,sca-otp,movil,2026-03-27,2027-03-22,vigente,,,,4.1,0
cns_01189,cus_synthetic_0168,tpp_002,bank_003,comparador de credito,accounts:list|credits:arrears|credits:position,accounts:list|credits:arrears|credits:position,consent-notice-v3,sca-otp,web,2026-01-12,2026-04-12,vigente,,,,3.3,0
cns_01190,cus_synthetic_0147,tpp_008,bank_002,salud financiera,investments:position,investments:position,consent-notice-v3,sca-biometria,movil,2026-03-04,2027-02-27,revocado,2026-03-04,cliente,ya no lo uso,4.8,0
cns_01191,cus_synthetic_0312,tpp_002,bank_001,categorizacion de gastos,accounts:transactions|credits:position,accounts:transactions|credits:position,consent-notice-v3,sca-otp,movil,2026-05-10,2027-05-05,revocado,2026-05-16,institucion,no indicado,5.7,0
cns_01192,cus_synthetic_0071,tpp_007,bank_003,comparador de credito,accounts:transactions|credits:arrears|investments:position,investments:position,consent-notice-v3,sca-app,web,2026-02-23,2027-02-18,revocado,2026-04-09,cliente,ya no lo uso,5.3,1
cns_01193,cus_synthetic_0254,tpp_012,bank_002,categorizacion de gastos,accounts:balances|accounts:transactions|credits:arrears|investments:position,credits:arrears|investments:position,consent-notice-v3,sca-otp,web,2026-01-27,2026-07-26,vigente,,,,1.8,0
cns_01194,cus_synthetic_0175,tpp_008,bank_003,salud financiera,accounts:list|credits:position,accounts:list|credits:position,consent-notice-v3,sca-app,movil,2026-02-12,2026-05-13,vigente,,,,4.3,0
cns_01195,cus_synthetic_0209,tpp_003,bank_003,iniciacion de pago unico,accounts:list|credits:position,accounts:list|credits:position,consent-notice-v2,sca-otp,web,2026-01-27,2026-04-27,revocado,2026-04-18,cliente,ya no lo uso,3.1,0
cns_01196,cus_synthetic_0262,tpp_005,bank_001,categorizacion de gastos,accounts:balances|credits:arrears|credits:position|investments:position|payments:initiate,credits:arrears|credits:position|payments:initiate,consent-notice-v2,sca-otp,web,2026-04-27,2027-04-22,vigente,,,,1.5,0
cns_01197,cus_synthetic_0148,tpp_007,bank_003,panel de posicion consolidada,accounts:balances|accounts:list|accounts:transactions|credits:position|payments:initiate,accounts:balances|accounts:transactions|payments:initiate,consent-notice-v3,sca-biometria,web,2026-01-20,2027-01-15,vigente,,,,1.0,0
cns_01198,cus_synthetic_0030,tpp_011,bank_004,iniciacion de pago unico,accounts:balances|accounts:list|accounts:transactions|credits:position|investments:position,accounts:balances|credits:position|investments:position,consent-notice-v2,sca-app,web,2026-03-01,2027-02-24,vigente,,,,2.0,0
cns_01199,cus_synthetic_0067,tpp_007,bank_005,iniciacion de pago unico,accounts:transactions|credits:arrears|credits:position|investments:position,accounts:transactions|investments:position,consent-notice-v3,sca-otp,web,2026-04-01,2027-03-27,vigente,,,,4.0,0
cns_01200,cus_synthetic_0205,tpp_010,bank_002,comparador de credito,accounts:list|accounts:transactions,accounts:transactions,consent-notice-v2,sca-otp,web,2026-04-16,2027-04-11,revocado,2026-04-20,cliente,no reconozco al proveedor,3.1,0
